ExpositionAreaName,ExpositionSectionName,Name,ObjectNumber,RoomNumber,AvailableForVisitors,LocationTypeCode,Note,District,Workplace,Department
Darwinův kráter,Darwinův kráter,austrálie buš     ,,,1,, papoušek vlnkovaný,Austrálie,Bažantnice,Chov 1
Darwinův kráter,Darwinův kráter,austrálie buš     ,,,1,, holub wonga,Austrálie,Bažantnice,Chov 1
Darwinův kráter,Darwinův kráter,austrálie buš     ,,,1,, holub bronzovokřídlý,Austrálie,Bažantnice,Chov 1
Darwinův kráter,Darwinův kráter,austrálie buš     ,,,1,, kakadu havraní,Austrálie,Bažantnice,Chov 1
Darwinův kráter,Darwinův kráter,austrálie mokřad  ,,,1,, ibis slámokrký,Austrálie,Bažantnice,Chov 1
Darwinův kráter,Darwinův kráter,austrálie mokřad  ,,,1,, kormorán černobílý,Austrálie,Bažantnice,Chov 1
Darwinův kráter,Darwinův kráter,austrálie mokřad  ,,,1,, kvakoš rezavý,Austrálie,Bažantnice,Chov 1
Darwinův kráter,Darwinův kráter,austrálie mokřad  ,,,1,, polák hnědavý,Austrálie,Bažantnice,Chov 1
Darwinův kráter,Darwinův kráter,austrálie mokřad  ,,,1,, husice australská,Austrálie,Bažantnice,Chov 1
Darwinův kráter,Darwinův kráter,výběh wombat      ,,,1,, *(žádný druh nezapsán)*,Austrálie,Bažantnice,Chov 1
Dvojzoborožci,Ptáci jihovýchodní Asie,P5a          ,,,1,, dvojzoborožec nosorožčí,Zoborožci,Bažantnice,Chov 1
Dvojzoborožci,Ptáci jihovýchodní Asie,P5b          ,,,1,, loskuták posvátný,Zoborožci,Bažantnice,Chov 1
Dvojzoborožci,Ptáci jihovýchodní Asie,P5b          ,,,1,, kagu chocholatý,Zoborožci,Bažantnice,Chov 1
Dvojzoborožci,Ptáci jihovýchodní Asie,P5c          ,,,1,, dvojzoborožec indický,Zoborožci,Bažantnice,Chov 1
Dvojzoborožci,Ptáci jihovýchodní Asie,P5d          ,,,1,, ibis madagaskarský,Zoborožci,Bažantnice,Chov 1
Dvojzoborožci,Ptáci jihovýchodní Asie,P5d          ,,,1,, holub růžový,Zoborožci,Bažantnice,Chov 1
Dvojzoborožci,Ptáci jihovýchodní Asie,výběh        ,,,1,, husa kuří,Zoborožci,Bažantnice,Chov 1
Dvojzoborožci,Ptáci jihovýchodní Asie,E1           ,,,1,, dvojzoborožec hnědavý,Nová Bažantnice,Bažantnice,Chov 1
Indonéská džungle,chovné zázemí ptáků (Indonéská džungle),Expozice navolno   ,,,0,, bulbul červenouchý  ,Indonesie,Bažantnice,Chov 1
Indonéská džungle,chovné zázemí ptáků (Indonéská džungle),Přípravna          ,,,0,, lori balijský  ,Indonesie,Bažantnice,Chov 1
Indonéská džungle,chovné zázemí ptáků (Indonéská džungle),Přípravna          ,,,0,, loriček zlatouchý  ,Indonesie,Bažantnice,Chov 1
Indonéská džungle,chovné zázemí ptáků (Indonéská džungle),uměl. odchov        ,,,0,, lori sumbavský + l. vlnkovaný  ,Indonesie,Bažantnice,Chov 1
Indonéská džungle,chovné zázemí ptáků (Indonéská džungle),M1                 ,,,0,, lori sumbavský + l. vlnkovaný  ,Indonesie,Bažantnice,Chov 1
Indonéská džungle,chovné zázemí ptáků (Indonéská džungle),M2                 ,,,0,, lori balijský  ,Indonesie,Bažantnice,Chov 1
Indonéská džungle,chovné zázemí ptáků (Indonéská džungle),IK1                ,,,0,, lori balijský  ,Indonesie,Bažantnice,Chov 1
Indonéská džungle,chovné zázemí ptáků (Indonéská džungle),IK2                ,,,0,, loriček oranžovoprsý  ,Indonesie,Bažantnice,Chov 1
Indonéská džungle,chovné zázemí ptáků (Indonéská džungle),IK3                ,,,0,, charmozin Stellin  ,Indonesie,Bažantnice,Chov 1
Indonéská džungle,chovné zázemí ptáků (Indonéská džungle),IK4                ,,,0,, loriček zlatouchý  ,Indonesie,Bažantnice,Chov 1
Indonéská džungle,chovné zázemí ptáků (Indonéská džungle),IK5                ,,,0,, loriček rudobradý  ,Indonesie,Bažantnice,Chov 1
Indonéská džungle,chovné zázemí ptáků (Indonéská džungle),IK5                ,,,0,, loriček rudobradý  ,Indonesie,Bažantnice,Chov 1
Indonéská džungle,chovné zázemí ptáků (Indonéská džungle),IV1                ,,,0,, *(prázdné)*  ,Indonesie,Bažantnice,Chov 1
Indonéská džungle,chovné zázemí ptáků (Indonéská džungle),JV2                ,,,0,, loriček rudobradý  ,Indonesie,Bažantnice,Chov 1
Indonéská džungle,chovné zázemí ptáků (Indonéská džungle),IK6                ,,,0,, lori vlnkovaný  ,Indonesie,Bažantnice,Chov 1
Indonéská džungle,chovné zázemí ptáků (Indonéská džungle),IK7                ,,,0,, lori vlnkovaný  ,Indonesie,Bažantnice,Chov 1
Indonéská džungle,chovné zázemí ptáků (Indonéská džungle),IK8                ,,,0,, loriček zlatouchý  ,Indonesie,Bažantnice,Chov 1
Indonéská džungle,chovné zázemí ptáků (Indonéská džungle),IK9                ,,,0,, loriček rudobradý  ,Indonesie,Bažantnice,Chov 1
Indonéská džungle,chovné zázemí ptáků (Indonéská džungle),IK10               ,,,0,, loriček oranžovoprsý  ,Indonesie,Bažantnice,Chov 1
Papouščí stezka,Papouščí stezka,LEP1 a   ,,,1,, lori černohlavý  ,Loriové,Bažantnice,Chov 1
Papouščí stezka,Papouščí stezka,LEP1 b   ,,,1,, loríček oranžovoprsý  ,Loriové,Bažantnice,Chov 1
Papouščí stezka,Papouščí stezka,LEP2 a   ,,,1,, lori olivový  ,Loriové,Bažantnice,Chov 1
Papouščí stezka,Papouščí stezka,LEP2 b   ,,,1,, loriček červenohlavý  ,Loriové,Bažantnice,Chov 1
Papouščí stezka,Papouščí stezka,LEP3 a   ,,,1,, loriček rudobradý  ,Loriové,Bažantnice,Chov 1
Papouščí stezka,Papouščí stezka,LEP3 b   ,,,1,, loriček zlatouchý  ,Loriové,Bažantnice,Chov 1
Papouščí stezka,Papouščí stezka,LEP3 b   ,,,1,, charmozin Stellin  ,Loriové,Bažantnice,Chov 1
Papouščí stezka,Papouščí stezka,LEP4 a   ,,,1,, lori balijský  ,Loriové,Bažantnice,Chov 1
Papouščí stezka,Papouščí stezka,LEP4 b   ,,,1,, lori vlnkovaný  ,Loriové,Bažantnice,Chov 1
Papouščí stezka,Papouščí stezka,LEP5     ,,,1,, lori žlutokrčný  ,Loriové,Bažantnice,Chov 1
Papouščí stezka,Papouščí stezka,LEP5     ,,,1,, lori horský  ,Loriové,Bažantnice,Chov 1
Papouščí stezka,Papouščí stezka,LEP5     ,,,1,, papoušek nádherný  ,Loriové,Bažantnice,Chov 1
Papouščí stezka,Papouščí stezka,LEP5     ,,,1,, holub chocholatý  ,Loriové,Bažantnice,Chov 1
Papouščí stezka,Papouščí stezka,Box1     ,,,0,, lori žlutokrčný ?? ,Loriové,Bažantnice,Chov 1
Papouščí stezka,Papouščí stezka,Box2     ,,,0,, *(prázdné)*,Loriové,Bažantnice,Chov 1
Ptáci jihovýchodní Asie,Bažantnice,H2 vně       ,,,0,, bažant Edwardsův,Hvězda,Bažantnice,Chov 1
Ptáci jihovýchodní Asie,Bažantnice,H3 vni       ,,,0,, sova indická,Hvězda,Bažantnice,Chov 1
Ptáci jihovýchodní Asie,Bažantnice,H3 vně       ,,,0,, satyr Cabotův,Hvězda,Bažantnice,Chov 1
Ptáci jihovýchodní Asie,Bažantnice,H4 vně       ,,,0,, sojkovec rezavouchý,Hvězda,Bažantnice,Chov 1
Ptáci jihovýchodní Asie,Bažantnice,H4 vně       ,,,0,, bažant Edwardsův,Hvězda,Bažantnice,Chov 1
Ptáci jihovýchodní Asie,Bažantnice,H5 vni       ,,,0,, drozd černoprsý,Hvězda,Bažantnice,Chov 1
Ptáci jihovýchodní Asie,Bažantnice,H5 vně       ,,,0,, bažant Edwardsův,Hvězda,Bažantnice,Chov 1
Ptáci jihovýchodní Asie,Bažantnice,H7 vni       ,,,0,, zoborožec rýhozobý,Hvězda,Bažantnice,Chov 1
Ptáci jihovýchodní Asie,Bažantnice,P1b          ,,,1,, bažant Edwardsův,Nová Bažantnice,Bažantnice,Chov 1
Ptáci jihovýchodní Asie,Bažantnice,P1b          ,,,1,, drozd černoprsý,Nová Bažantnice,Bažantnice,Chov 1
Ptáci jihovýchodní Asie,Bažantnice,P1b          ,,,1,, sojkovec šedohnědý,Nová Bažantnice,Bažantnice,Chov 1
Ptáci jihovýchodní Asie,Bažantnice,P1a vně       ,,,1,, sojkovec chocholatý,Nová Bažantnice,Bažantnice,Chov 1
Ptáci jihovýchodní Asie,Bažantnice,P1a vni       ,,,1,, bažant vietnamský,Nová Bažantnice,Bažantnice,Chov 1
Ptáci jihovýchodní Asie,Bažantnice,E2           ,,,1,, holub bělolící,Nová Bažantnice,Bažantnice,Chov 1
Ptáci jihovýchodní Asie,Bažantnice,E2           ,,,1,, zoborožec luzonský,Nová Bažantnice,Bažantnice,Chov 1
Ptáci jihovýchodní Asie,Bažantnice,E2           ,,,1,, bažant palawanský,Nová Bažantnice,Bažantnice,Chov 1
Ptáci jihovýchodní Asie,Bažantnice,E3           ,,,1,, výreček filipínský,Nová Bažantnice,Bažantnice,Chov 1
Ptáci jihovýchodní Asie,Bažantnice,E4           ,,,1,, zoborožec rýhozobý,Nová Bažantnice,Bažantnice,Chov 1
Ptáci jihovýchodní Asie,Bažantnice,E4           ,,,1,, perlička supí,Nová Bažantnice,Bažantnice,Chov 1
Ptáci jihovýchodní Asie,Bažantnice,E5           ,,,1,, zoborožec běloocasý,Nová Bažantnice,Bažantnice,Chov 1
Ptáci jihovýchodní Asie,Bažantnice,E6           ,,,1,, sojkovec dvoubarvý,Nová Bažantnice,Bažantnice,Chov 1
Ptáci jihovýchodní Asie,Bažantnice,E6           ,,,1,, bažant bronzový,Nová Bažantnice,Bažantnice,Chov 1
Ptáci jihovýchodní Asie,Bažantnice,E7           ,,,1,, špaček holohlavý,Nová Bažantnice,Bažantnice,Chov 1
Ptáci jihovýchodní Asie,Bažantnice,E8           ,,,1,, lori sumbavský,Nová Bažantnice,Bažantnice,Chov 1
Ptáci jihovýchodní Asie,Bažantnice,E8           ,,,1,, holub růžovotemenný,Nová Bažantnice,Bažantnice,Chov 1
Ptáci jihovýchodní Asie,Bažantnice,E8           ,,,1,, bažant malajský,Nová Bažantnice,Bažantnice,Chov 1
Ptáci jihovýchodní Asie,Bažantnice,E9           ,,,1,, kraska javská,Nová Bažantnice,Bažantnice,Chov 1
Ptáci jihovýchodní Asie,Bažantnice,E10          ,,,1,, holub bronzový,Nová Bažantnice,Bažantnice,Chov 1
Ptáci jihovýchodní Asie,Bažantnice,E10          ,,,1,, majna Rothschildova,Nová Bažantnice,Bažantnice,Chov 1
Ptáci jihovýchodní Asie,Bažantnice,E10          ,,,1,, bažant salvadoriho,Nová Bažantnice,Bažantnice,Chov 1
Ptáci jihovýchodní Asie,Bažantnice,klec         ,,,0,, holub růžový,Nová Bažantnice,Bažantnice,Chov 1
Ptáci jihovýchodní Asie,Bažantnice,klec,,,0,,,Nová Bažantnice,Bažantnice,Chov 1
Ptáci jihovýchodní Asie,Bažantnice,Z1           ,,,0,, špaček čínský  ,Nová Bažantnice,Bažantnice,Chov 1
Ptáci jihovýchodní Asie,Bažantnice,Z1           ,,,0,, hrdlička čínská  ,Nová Bažantnice,Bažantnice,Chov 1
Ptáci jihovýchodní Asie,Bažantnice,Z1           ,,,0,, majna chocholatá  ,Nová Bažantnice,Bažantnice,Chov 1
Ptáci jihovýchodní Asie,Bažantnice,Z1           ,,,0,, bažant Edwardsův,Nová Bažantnice,Bažantnice,Chov 1
Ptáci jihovýchodní Asie,Bažantnice,Z1           ,,,0,, holub bronzovokřídlý  ,Nová Bažantnice,Bažantnice,Chov 1
Ptáci jihovýchodní Asie,Bažantnice,Z2 vně       ,,,0,, bažant Edwardsův,Nová Bažantnice,Bažantnice,Chov 1
Ptáci jihovýchodní Asie,Bažantnice,Z3           ,,,0,, holub růžový  ,Nová Bažantnice,Bažantnice,Chov 1
Ptáci jihovýchodní Asie,Bažantnice,Z4           ,,,0,, holub růžový  ,Nová Bažantnice,Bažantnice,Chov 1
Ptáci jihovýchodní Asie,Bažantnice,Z5           ,,,0,, zoborožec luzonský  ,Nová Bažantnice,Bažantnice,Chov 1
Ptáci jihovýchodní Asie,Bažantnice,Z6           ,,,0,, sojkovec šedohnědý  ,Nová Bažantnice,Bažantnice,Chov 1
Ptáci jihovýchodní Asie,Bažantnice,Z6           ,,,0,, bažant malajský  ,Nová Bažantnice,Bažantnice,Chov 1
Ptáci jihovýchodní Asie,Bažantnice,Z7           ,,,0,, holub růžovotemenný  ,Nová Bažantnice,Bažantnice,Chov 1
Ptáci jihovýchodní Asie,Bažantnice,Z7           ,,,0,, vlhovec oranžovohlavý  ,Nová Bažantnice,Bažantnice,Chov 1
Ptáci jihovýchodní Asie,Bažantnice,Z7           ,,,0,, loskuták posvátný  ,Nová Bažantnice,Bažantnice,Chov 1
Ptáci jihovýchodní Asie,Bažantnice,Z8           ,,,0,, sova indická  ,Nová Bažantnice,Bažantnice,Chov 1
Ptáci jihovýchodní Asie,Bažantnice,Z9           ,,,0,, zoborožec indický  ,Nová Bažantnice,Bažantnice,Chov 1
Ptáci jihovýchodní Asie,Bažantnice,Z10          ,,,0,, ketupa malajská  ,Nová Bažantnice,Bažantnice,Chov 1
Ptáci jihovýchodní Asie,Bažantnice,klec ch1     ,,,0,, hrdlička chechtavá  ,Nová Bažantnice,Bažantnice,Chov 1
Ptáci jihovýchodní Asie,Bažantnice,klec ch1     ,,,0,, holub růžový  ,Nová Bažantnice,Bažantnice,Chov 1
Ptáci jihovýchodní Asie,Bažantnice,klec ch2     ,,,0,, hrdlička chechtavá  ,Nová Bažantnice,Bažantnice,Chov 1
Ptáci jihovýchodní Asie,Bažantnice,klec ch3     ,,,0,, hrdlička chechtavá  ,Nová Bažantnice,Bažantnice,Chov 1
Ptáci jihovýchodní Asie,Bažantnice,klec ch4     ,,,0,, hrdlička chechtavá,Nová Bažantnice,Bažantnice,Chov 1
Rákosův pavilon,Rákosův pavilon,Nový Zéland             ,,,1,, nestor kea  ,Rákosův pavilon,Bažantnice,Chov 1
Rákosův pavilon,Rákosův pavilon,Filipíny               ,,,1,, mada modrotemenný  ,Rákosův pavilon,Bažantnice,Chov 1
Rákosův pavilon,Rákosův pavilon,Filipíny               ,,,1,, špaček holohlavý  ,Rákosův pavilon,Bažantnice,Chov 1
Rákosův pavilon,Rákosův pavilon,Filipíny               ,,,1,, holub černobradý  ,Rákosův pavilon,Bažantnice,Chov 1
Rákosův pavilon,Rákosův pavilon,Filipíny               ,,,1,, holub podkovní  ,Rákosův pavilon,Bažantnice,Chov 1
Rákosův pavilon,Rákosův pavilon,Filipíny zázemí        ,,,1,, holub černobradý  ,Rákosův pavilon,Bažantnice,Chov 1
Rákosův pavilon,Rákosův pavilon,Asie                   ,,,1,, holub zlatoprsý  ,Rákosův pavilon,Bažantnice,Chov 1
Rákosův pavilon,Rákosův pavilon,Asie                   ,,,1,, rajka volavá  ,Rákosův pavilon,Bažantnice,Chov 1
Rákosův pavilon,Rákosův pavilon,Asie                   ,,,1,, rajka královská  ,Rákosův pavilon,Bažantnice,Chov 1
Rákosův pavilon,Rákosův pavilon,Asie                   ,,,1,, tricha orlí  ,Rákosův pavilon,Bažantnice,Chov 1
Rákosův pavilon,Rákosův pavilon,Papua–Nová Guinea      ,,,1,, kakadu palmový  ,Rákosův pavilon,Bažantnice,Chov 1
Rákosův pavilon,Rákosův pavilon,Papua–Nová Guinea      ,,,1,, korunáč šedomodrý  ,Rákosův pavilon,Bažantnice,Chov 1
Rákosův pavilon,Rákosův pavilon,Papua–Nová Guinea      ,,,1,, holub černobronzový  ,Rákosův pavilon,Bažantnice,Chov 1
Rákosův pavilon,Rákosův pavilon,Papua–Nová Guinea      ,,,1,, kystráček indonéský  ,Rákosův pavilon,Bažantnice,Chov 1
Rákosův pavilon,Rákosův pavilon,Papua–Nová Guinea      ,,,1,, loriček zlatouchý  ,Rákosův pavilon,Bažantnice,Chov 1
Rákosův pavilon,Rákosův pavilon,Papua–Nová Guinea      ,,,1,, čírka bělohrdlá  ,Rákosův pavilon,Bažantnice,Chov 1
Rákosův pavilon,Rákosův pavilon,Papua–Nová Guinea      ,,,1,, holub horský  ,Rákosův pavilon,Bažantnice,Chov 1
Rákosův pavilon,Rákosův pavilon,Papua–Nová Guinea      ,,,1,, holub papouščí  ,Rákosův pavilon,Bažantnice,Chov 1
Rákosův pavilon,Rákosův pavilon,Papua–Nová Guinea      ,,,1,, holub nikobarský  ,Rákosův pavilon,Bažantnice,Chov 1
Rákosův pavilon,Rákosův pavilon,Papua–Nová Guinea      ,,,1,, holub nádherný  ,Rákosův pavilon,Bažantnice,Chov 1
Rákosův pavilon,Rákosův pavilon,Jamajka                ,,,1,, amazoňan jamajský  ,Rákosův pavilon,Bažantnice,Chov 1
Rákosův pavilon,Rákosův pavilon,Jamajka                ,,,1,, holub pestrý  ,Rákosův pavilon,Bažantnice,Chov 1
Rákosův pavilon,Rákosův pavilon,Jamajka                ,,,1,, holub šedobřichý  ,Rákosův pavilon,Bažantnice,Chov 1
Rákosův pavilon,Rákosův pavilon,Jamajka                ,,,1,, ostnák jihoamerický  ,Rákosův pavilon,Bažantnice,Chov 1
Rákosův pavilon,Rákosův pavilon,Jamajka                ,,,1,, ostralka bělolící  ,Rákosův pavilon,Bažantnice,Chov 1
Rákosův pavilon,Rákosův pavilon,Pantanal               ,,,1,, ara hyacintový  ,Rákosův pavilon,Bažantnice,Chov 1
Rákosův pavilon,Rákosův pavilon,Pantanal               ,,,1,, vlhovec červenohlavý  ,Rákosův pavilon,Bažantnice,Chov 1
Rákosův pavilon,Rákosův pavilon,Pantanal               ,,,1,, ostnák jihoamerický  ,Rákosův pavilon,Bažantnice,Chov 1
Rákosův pavilon,Rákosův pavilon,Pantanal               ,,,1,, tinama tataupa  ,Rákosův pavilon,Bažantnice,Chov 1
Rákosův pavilon,Rákosův pavilon,Caatinga               ,,,1,, ara Learův  ,Rákosův pavilon,Bažantnice,Chov 1
Rákosův pavilon,Rákosův pavilon,Caatinga               ,,,1,, kardinál dominikánský  ,Rákosův pavilon,Bažantnice,Chov 1
Rákosův pavilon,Rákosův pavilon,Patagonie              ,,,1,, papoušek patagonský  ,Rákosův pavilon,Bažantnice,Chov 1
Rákosův pavilon,Rákosův pavilon,Patagonie              ,,,1,, aratinga andský  ,Rákosův pavilon,Bažantnice,Chov 1
Rákosův pavilon,Rákosův pavilon,Patagonie              ,,,1,, papoušek mniší  ,Rákosův pavilon,Bažantnice,Chov 1
Rákosův pavilon,Rákosův pavilon,Patagonie              ,,,1,, kogna jižní  ,Rákosův pavilon,Bažantnice,Chov 1
Rákosův pavilon,Rákosův pavilon,Jandovy voliéry (JVa)  ,,,1,, kogna dlouhozobý  ,Rákosův pavilon,Bažantnice,Chov 1
Severský les,chovné zázemí ptáků (Severský les),S1        ,,,0,, včelojed lesní  ,sovy,Bažantnice,Chov 1
Severský les,chovné zázemí ptáků (Severský les),S2        ,,,0,, puštík bělavý středoevropský,sovy,Bažantnice,Chov 1
Severský les,chovné zázemí ptáků (Severský les),S3        ,,,0,, sova pálená,sovy,Bažantnice,Chov 1
Severský les,chovné zázemí ptáků (Severský les),S4        ,,,0,, puštík bělavý středoevropský,sovy,Bažantnice,Chov 1
Severský les,chovné zázemí ptáků (Severský les),S5        ,,,0,, *(prázdné)*,sovy,Bažantnice,Chov 1
Velká voliéra,Skalní masiv - Velká voliéra,velká voliéra     ,,,1,, sup hnědý,Velká voliéra,Bažantnice,Chov 1
Velká voliéra,Skalní masiv - Velká voliéra,velká voliéra     ,,,1,, orel nejmenší,Velká voliéra,Bažantnice,Chov 1
Velká voliéra,Skalní masiv - Velká voliéra,velká voliéra     ,,,1,, luňák červený,Velká voliéra,Bažantnice,Chov 1
Velká voliéra,Skalní masiv - Velká voliéra,velká voliéra     ,,,1,, čáp černý,Velká voliéra,Bažantnice,Chov 1
Velká voliéra,Skalní masiv - Velká voliéra,velká voliéra     ,,,1,, sup mrchožravý,Velká voliéra,Bažantnice,Chov 1
Lachtani,Lachtani,1,,,1,, lachtan jihoafrický  ,Lachtani,Lachtani,Chov 1
Tučňáci,Pavilon tučňáků,1,,,1,, tučňák Humboldtův  ,Tučňáci,Lachtani,Chov 1
Tučňáci,Pavilon tučňáků,2,,,1,, kachyně parníková  ,Tučňáci,Lachtani,Chov 1
Tučňáci,Pavilon tučňáků,Odstavák,,,0,, ,Tučňáci,Lachtani,Chov 1
Orlosupi,Skalní masiv (orlosupi),orlosupi1   ,,,1,, orlosup bradatý  ,PVP,Sečuán,Chov 1
Orlosupi,Skalní masiv (orlosupi),orlosupi2,,,1,, sup mrchožravý ginginianus  ,PVP,Sečuán,Chov 1
Pavilon šelem a plazů,Pavilon šelem a plazů,atrium     ,,,1,, hýl mexický  ,Sečuán,Sečuán,Chov 1
Pavilon šelem a plazů,Pavilon šelem a plazů,atrium     ,,,1,, holoubek skořicový  ,Sečuán,Sečuán,Chov 1
Pavilon šelem a plazů,Pavilon šelem a plazů,atrium     ,,,1,, kubánka malá  ,Sečuán,Sečuán,Chov 1
Ptačí mokřady,Ptačí mokřady,"E1,2     ",,,1,, ibis rudý  ,PVP,Sečuán,Chov 1
Ptačí mokřady,Ptačí mokřady,"E1,2     ",,,1,, morčák paranský  ,PVP,Sečuán,Chov 1
Ptačí mokřady,Ptačí mokřady,"E1,2     ",,,1,, hoko červenolaločnatý  ,PVP,Sečuán,Chov 1
Ptačí mokřady,Ptačí mokřady,"E1,2     ",,,1,, vlhovec chocholatý  ,PVP,Sečuán,Chov 1
Ptačí mokřady,Ptačí mokřady,"E1,2     ",,,1,, vlhovec chocholatý  ,PVP,Sečuán,Chov 1
Ptačí mokřady,Ptačí mokřady,"E3,4,5   ",,,1,, ibis bělolící  ,PVP,Sečuán,Chov 1
Ptačí mokřady,Ptačí mokřady,"E3,4,5   ",,,1,, ibis bílý  ,PVP,Sečuán,Chov 1
Ptačí mokřady,Ptačí mokřady,"E3,4,5   ",,,1,, kachnička šedoboká  ,PVP,Sečuán,Chov 1
Ptačí mokřady,Ptačí mokřady,"E3,4,5   ",,,1,, ibis šedokřídlý  ,PVP,Sečuán,Chov 1
Ptačí mokřady,Ptačí mokřady,"E3,4,5   ",,,1,, kolpík růžový  ,PVP,Sečuán,Chov 1
Ptačí mokřady,Ptačí mokřady,"E3,4,5   ",,,1,, ostralka bělolící  ,PVP,Sečuán,Chov 1
Ptačí mokřady,Ptačí mokřady,"E3,4,5   ",,,1,, čejka jihoamerická  ,PVP,Sečuán,Chov 1
Ptačí mokřady,Ptačí mokřady,"E3,4,5   ",,,1,, guan Grayův  ,PVP,Sečuán,Chov 1
Ptačí mokřady,Ptačí mokřady,"E3,4,5   ",,,1,, volavka proměnlivá  ,PVP,Sečuán,Chov 1
Ptačí mokřady,Ptačí mokřady,"E3,4,5   ",,,1,, kukačka guira  ,PVP,Sečuán,Chov 1
Ptačí mokřady,Ptačí mokřady,"E3,4,5   ",,,1,, kamíš růžkatý  ,PVP,Sečuán,Chov 1
Ptačí mokřady,Ptačí mokřady,"E3,4,5   ",,,1,, volavčík člunozobý  ,PVP,Sečuán,Chov 1
Ptačí mokřady,Ptačí mokřady,"E3,4,5   ",,,1,, husička stromová  ,PVP,Sečuán,Chov 1
Ptačí mokřady,Ptačí mokřady,"E3,4,5   ",,,1,, pižmovka hřebenatá  ,PVP,Sečuán,Chov 1
Ptačí mokřady,Ptačí mokřady,"E3,4,5   ",,,1,, hohol bělohlavý  ,PVP,Sečuán,Chov 1
Ptačí mokřady,Ptačí mokřady,"E6,7,8   ",,,1,, ibis modrooký  ,PVP,Sečuán,Chov 1
Ptačí mokřady,Ptačí mokřady,"E6,7,8   ",,,1,, zejozob africký  ,PVP,Sečuán,Chov 1
Ptačí mokřady,Ptačí mokřady,"E6,7,8   ",,,1,, čírka modrá  ,PVP,Sečuán,Chov 1
Ptačí mokřady,Ptačí mokřady,"E6,7,8   ",,,1,, slípka modrá  ,PVP,Sečuán,Chov 1
Ptačí mokřady,Ptačí mokřady,"E6,7,8   ",,,1,, čejka běločelá  ,PVP,Sečuán,Chov 1
Ptačí mokřady,Ptačí mokřady,"E6,7,8   ",,,1,, kolpík africký  ,PVP,Sečuán,Chov 1
Ptačí mokřady,Ptačí mokřady,"E6,7,8   ",,,1,, špaček rudokřídlý  ,PVP,Sečuán,Chov 1
Ptačí mokřady,Ptačí mokřady,"E6,7,8   ",,,1,, čírka hottentotská  ,PVP,Sečuán,Chov 1
Ptačí mokřady,Ptačí mokřady,"E6,7,8   ",,,1,, kladivouš africký  ,PVP,Sečuán,Chov 1
Ptačí mokřady,Ptačí mokřady,"E6,7,8   ",,,1,, volavka vlasatá  ,PVP,Sečuán,Chov 1
Ptačí mokřady,Ptačí mokřady,"E6,7,8   ",,,1,, ibis hagedaš  ,PVP,Sečuán,Chov 1
Ptačí mokřady,Ptačí mokřady,"E9,10    ",,,1,, ibis hnědý  ,PVP,Sečuán,Chov 1
Ptačí mokřady,Ptačí mokřady,"E9,10    ",,,1,, čírka obecná  ,PVP,Sečuán,Chov 1
Ptačí mokřady,Ptačí mokřady,"E9,10    ",,,1,, lžičák pestrý  ,PVP,Sečuán,Chov 1
Ptačí mokřady,Ptačí mokřady,"E9,10    ",,,1,, bukáček malý  ,PVP,Sečuán,Chov 1
Ptačí mokřady,Ptačí mokřady,"E9,10    ",,,1,, špaček růžový  ,PVP,Sečuán,Chov 1
Ptačí mokřady,Ptačí mokřady,"E9,10    ",,,1,, pisila čáponohá  ,PVP,Sečuán,Chov 1
Ptačí mokřady,Ptačí mokřady,"E9,10    ",,,1,, jespák bojovný  ,PVP,Sečuán,Chov 1
Ptačí mokřady,Ptačí mokřady,"E9,10    ",,,1,, ústřičník velký  ,PVP,Sečuán,Chov 1
Ptačí mokřady,Ptačí mokřady,"E9,10    ",,,1,, tenkozobec opačný  ,PVP,Sečuán,Chov 1
Ptačí mokřady,Ptačí mokřady,"E9,10    ",,,1,, dytík úhorní  ,PVP,Sečuán,Chov 1
Ptačí mokřady,Ptačí mokřady,"E9,10    ",,,1,, čejka chocholatá  ,PVP,Sečuán,Chov 1
Ptačí mokřady,Ptačí mokřady,Z1         ,,,0,, morčák paranský  ,PVP,Sečuán,Chov 1
Ptačí mokřady,Ptačí mokřady,Z1         ,,,0,, kukačka guira  ,PVP,Sečuán,Chov 1
Ptačí mokřady,Ptačí mokřady,Z2         ,,,0,, zoborožec nosorohý  ,PVP,Sečuán,Chov 1
Ptačí mokřady,Ptačí mokřady,Z3         ,,,0,, ibis šedokřídlý  ,PVP,Sečuán,Chov 1
Ptačí mokřady,Ptačí mokřady,Z3         ,,,0,, pižmovka konžská  ,PVP,Sečuán,Chov 1
Ptačí mokřady,Ptačí mokřady,Z4         ,,,0,, morčák paranský  ,PVP,Sečuán,Chov 1
Ptačí mokřady,Ptačí mokřady,Z5         ,,,0,, čejka jihoamerická  ,PVP,Sečuán,Chov 1
Ptačí mokřady,Ptačí mokřady,Z5         ,,,0,, pižmovka konžská  ,PVP,Sečuán,Chov 1
Ptačí mokřady,Ptačí mokřady,Z5         ,,,0,, špaček rudokřídlý  ,PVP,Sečuán,Chov 1
Ptačí mokřady,Ptačí mokřady,Z5         ,,,0,, kukačka guira  ,PVP,Sečuán,Chov 1
Ptačí mokřady,Ptačí mokřady,Z5         ,,,0,, volavčík člunozobý  ,PVP,Sečuán,Chov 1
Ptačí mokřady,Ptačí mokřady,Z5         ,,,0,, dytík úhorní  ,PVP,Sečuán,Chov 1
Ptačí mokřady,Ptačí mokřady,Z5         ,,,0,, volavka proměnlivá  ,PVP,Sečuán,Chov 1
Ptačí mokřady,Ptačí mokřady,Z5         ,,,0,, zrzohlávka rudozobá  ,PVP,Sečuán,Chov 1
Ptačí mokřady,Ptačí mokřady,Z5         ,,,0,, ibis slámokrký  ,PVP,Sečuán,Chov 1
Ptačí mokřady,Ptačí mokřady,Z5         ,,,0,, ibis bělolící  ,PVP,Sečuán,Chov 1
Ptačí mokřady,Ptačí mokřady,Z6         ,,,0,, pižmovka konžská  ,PVP,Sečuán,Chov 1
Ptačí mokřady,Ptačí mokřady,Z7         ,,,0,, morčák paranský  ,PVP,Sečuán,Chov 1
Ptačí mokřady,Ptačí mokřady,klec ,,,0,, ara ararauna  ,PVP,Sečuán,Chov 1
Ptačí mokřady,Ptačí mokřady,klec       ,,,0,, sojkovec stříbrobřichý  ,PVP,Sečuán,Chov 1
Ptačí mokřady,Ptačí mokřady,líheň      ,,,0,, husovec stračí  ,PVP,Sečuán,Chov 1
Ptačí mokřady,Ptačí mokřady,klec       ,,,0,, sojkovec šedohnědý  ,PVP,Sečuán,Chov 1
Ptačí mokřady,Ptačí mokřady,Jäger      ,,,0,, *(prázdné)*  ,PVP,Sečuán,Chov 1
Ptačí mokřady,Ptačí mokřady,bedna      ,,,0,, *(prázdné)*  ,PVP,Sečuán,Chov 1
Ptačí mokřady,Ptačí mokřady,O1         ,,,0,, zejozob africký  ,PVP,Sečuán,Chov 1
Ptačí mokřady,Ptačí mokřady,O2         ,,,0,, *(prázdné)*  ,PVP,Sečuán,Chov 1
Ptačí mokřady,Ptačí mokřady,O3         ,,,0,, nesyt bílý  ,PVP,Sečuán,Chov 1
Ptačí mokřady,Ptačí mokřady,O4         ,,,0,, bukáček malý  ,PVP,Sečuán,Chov 1
Ptačí mokřady,Ptačí mokřady,O4         ,,,0,, tenkozobec opačný  ,PVP,Sečuán,Chov 1
Ptačí mokřady,Ptačí mokřady,O4         ,,,0,, ibis slámokrký  ,PVP,Sečuán,Chov 1
Ptačí mokřady,Ptačí mokřady,O5         ,,,0,, bukáček malý  ,PVP,Sečuán,Chov 1
Ptačí mokřady,Ptačí mokřady,O5         ,,,0,, dytík velký  ,PVP,Sečuán,Chov 1
Ptačí mokřady,Ptačí mokřady,O5         ,,,0,, kachnička šedoboká  ,PVP,Sečuán,Chov 1
Ptačí mokřady,Ptačí mokřady,O5         ,,,0,, tenkozobec opačný  ,PVP,Sečuán,Chov 1
Ptačí mokřady,Ptačí mokřady,O5         ,,,0,, polák černohlavý  ,PVP,Sečuán,Chov 1
Ptačí mokřady,Ptačí mokřady,O6         ,,,0,, *(prázdné)*  ,PVP,Sečuán,Chov 1
Ptačí mokřady,Ptačí mokřady,O7         ,,,0,, flétňák australský  ,PVP,Sečuán,Chov 1
Ptačí mokřady,Ptačí mokřady,O8         ,,,0,, ostralka bělolící  ,PVP,Sečuán,Chov 1
Ptačí mokřady,Ptačí mokřady,expo1      ,,,1,, člunozobec africký  ,Člunozobci,Sečuán,Chov 1
Ptačí mokřady,Ptačí mokřady,expo2      ,,,1,, člunozobec africký  ,Člunozobci,Sečuán,Chov 1
Ptačí mokřady,Ptačí mokřady,výběh1     ,,,1,, *(prázdné)*  ,Člunozobci,Sečuán,Chov 1
Ptačí mokřady,Ptačí mokřady,výběh2     ,,,1,, *(prázdné)*  ,Člunozobci,Sečuán,Chov 1
Sečuán,Sečuán,expozice ,,,1,, kachnička mandarinská  ,Sečuán,Sečuán,Chov 1
Sečuán,Sečuán,expozice ,,,1,, satyr Cabotův  ,Sečuán,Sečuán,Chov 1
Sečuán,Sečuán,expozice ,,,1,, bažant šedý,Sečuán,Sečuán,Chov 1
Sečuán,Sečuán,expozice ,,,1,, holub kukaččí  ,Sečuán,Sečuán,Chov 1
Sečuán,Sečuán,expozice ,,,1,, holub kouřový  ,Sečuán,Sečuán,Chov 1
Sečuán,Sečuán,expozice ,,,1,, holub zelenokřídlý  ,Sečuán,Sečuán,Chov 1
Sečuán,Sečuán,expozice ,,,1,, drozd oranžovohlavý  ,Sečuán,Sečuán,Chov 1
Sečuán,Sečuán,expozice ,,,1,, sojkovec modrotemenný  ,Sečuán,Sečuán,Chov 1
Sečuán,Sečuán,expozice ,,,1,, timalie zlatá  ,Sečuán,Sečuán,Chov 1
Sečuán,Sečuán,expozice ,,,1,, argus okatý  ,Sečuán,Sečuán,Chov 1
Sečuán,Sečuán,expozice ,,,1,, konipas bílý  ,Sečuán,Sečuán,Chov 1
Sečuán,Sečuán,expozice ,,,1,, kondor ten ptačí???  ,Sečuán,Sečuán,Chov 1
Sečuán,Sečuán,expozice ,,,1,, šáma bělořitá  ,Sečuán,Sečuán,Chov 1
Sečuán,Sečuán,expozice ,,,1,, majna žlutohlavá  ,Sečuán,Sečuán,Chov 1
Sečuán,Sečuán,expozice ,,,1,, irena tyrkysová  ,Sečuán,Sečuán,Chov 1
Sečuán,Sečuán,expozice ,,,1,, sojkovec šupinkatý  ,Sečuán,Sečuán,Chov 1
Sečuán,Sečuán,expozice ,,,1,, sojkovec vlnkohřbetý  ,Sečuán,Sečuán,Chov 1
Sečuán,Sečuán,expozice ,,,1,, dudek chocholatý  ,Sečuán,Sečuán,Chov 1
Sečuán,Sečuán,expozice ,,,1,, bukáček malý  ,Sečuán,Sečuán,Chov 1
Sečuán,Sečuán,V1       ,,,0,, *(prázdné)*  ,Sečuán,Sečuán,Chov 1
Sečuán,Sečuán,klec 1   ,,,0,, sojkovec jihočínský  ,Sečuán,Sečuán,Chov 1
Sečuán,Sečuán,klec 2   ,,,0,, sojkovec rezavořitý  ,Sečuán,Sečuán,Chov 1
Sečuán,Sečuán,V2       ,,,0,, sojkovec jihočínský  ,Sečuán,Sečuán,Chov 1
Sečuán,Sečuán,klec 1   ,,,0,, lelkoun soví  ,Sečuán,Sečuán,Chov 1
Sečuán,Sečuán,VK6        ,,,0,, amazoňan šedohlavý  ,Sečuán,Sečuán,Chov 1
Sečuán,Sečuán,VK7        ,,,0,, lori černohlavý  ,Sečuán,Sečuán,Chov 1
Sečuán,Sečuán,VK5        ,,,0,, *(prázdné)*  ,Sečuán,Sečuán,Chov 1
Sečuán,Sečuán,VK1        ,,,0,, amazoňan jamajský  ,Sečuán,Sečuán,Chov 1
Sečuán,Sečuán,VK2        ,,,0,, sojkovec dvoubarvý  ,Sečuán,Sečuán,Chov 1
Sečuán,Sečuán,VK3        ,,,0,, mada modrotemenný  ,Sečuán,Sečuán,Chov 1
Sečuán,Sečuán,VK4        ,,,0,, mada modrotemenný  ,Sečuán,Sečuán,Chov 1
Sečuán,Sečuán,Z-MK1n     ,,,0,, vlhovec Chapmanův  ,Sečuán,Sečuán,Chov 1
Sečuán,Sečuán,Z-MK1d     ,,,0,, irena tyrkysová  ,Sečuán,Sečuán,Chov 1
Sečuán,Sečuán,MK2        ,,,0,, mada modrotemenný  ,Sečuán,Sečuán,Chov 1
Sečuán,Sečuán,I-MK1n     ,,,0,, papoušek žlutoramenný  ,Sečuán,Sečuán,Chov 1
Sečuán,Sečuán,I-MK1d     ,,,0,, dudek chocholatý  ,Sečuán,Sečuán,Chov 1
Sečuán,Sečuán,I-MK2n     ,,,0,, papoušek vlnkovaný  ,Sečuán,Sečuán,Chov 1
Sečuán,Sečuán,I-MK2d     ,,,0,, *(prázdné)*  ,Sečuán,Sečuán,Chov 1
Sečuán,Sečuán,I-MK3n     ,,,0,, papoušek žlutoramenný  ,Sečuán,Sečuán,Chov 1
Sečuán,Sečuán,I-MK3d     ,,,0,, špaček rudooký  ,Sečuán,Sečuán,Chov 1
Sečuán,Sečuán,voliéra    ,,,1,, morčák šupinkatý  ,Sečuán,Sečuán,Chov 1
Sečuán,voliéry pod skalou,R4       ,,,1,, volavka červená  ,Sečuán,Sečuán,Chov 1
Sečuán,voliéry pod skalou,R4       ,,,1,, pižmovka bělokřídlá  ,Sečuán,Sečuán,Chov 1
Sečuán,voliéry pod skalou,R4       ,,,1,, kolpík bílý  ,Sečuán,Sečuán,Chov 1
Sečuán,voliéry pod skalou,R4       ,,,1,, ibis černohlavý  ,Sečuán,Sečuán,Chov 1
Sečuán,voliéry pod skalou,R4       ,,,1,, kvakoš noční  ,Sečuán,Sečuán,Chov 1
Sečuán,voliéry pod skalou,R4       ,,,1,, morčák prostřední  ,Sečuán,Sečuán,Chov 1
Sečuán,voliéry pod skalou,R4       ,,,1,, morčák bílý  ,Sečuán,Sečuán,Chov 1
Sečuán,voliéry pod skalou,R4       ,,,1,, polák černohlavý  ,Sečuán,Sečuán,Chov 1
Sečuán,voliéry pod skalou,R4       ,,,1,, jeřáb bělošíjí  ,Sečuán,Sečuán,Chov 1
Sečuán,voliéry pod skalou,R4       ,,,1,, nesyt bílý  ,Sečuán,Sečuán,Chov 1
Sečuán,voliéry pod skalou,R4       ,,,1,, pelikán skvrnozobý  ,Sečuán,Sečuán,Chov 1
Sečuán,voliéry pod skalou,R4       ,,,1,, husovec stračí  ,Sečuán,Sečuán,Chov 1
Sečuán,voliéry pod skalou,R4       ,,,1,, kvakoš rezavý  ,Sečuán,Sečuán,Chov 1
Sečuán,voliéry pod skalou,R4       ,,,1,, čáp bělokřídlý  ,Sečuán,Sečuán,Chov 1
Sečuán,voliéry pod skalou,R4       ,,,1,, zrzohlávka rudozobá  ,Sečuán,Sečuán,Chov 1
Sečuán,voliéry pod skalou,R4       ,,,1,, husovec stračí  *(čapí domek)*  ,Sečuán,Sečuán,Chov 1
Sečuán,voliéry pod skalou,B1       ,,,1,, *(prázdné)*  ,Sečuán,Sečuán,Chov 1
Sečuán,voliéry pod skalou,B2       ,,,1,, *(prázdné)*  ,Sečuán,Sečuán,Chov 1
Sečuán,voliéry pod skalou,CH1      ,,,0,, *(prázdné)*  ,Sečuán,Sečuán,Chov 1
Sečuán,voliéry pod skalou,CH2      ,,,0,, *(prázdné)*  ,Sečuán,Sečuán,Chov 1
Sečuán,voliéry pod skalou,CH3      ,,,0,, *(prázdné)*  ,Sečuán,Sečuán,Chov 1
Sečuán,voliéry pod skalou,CH4      ,,,0,, nesyt africký  ,Sečuán,Sečuán,Chov 1
Sečuán,voliéry pod skalou,CH5      ,,,0,, *(prázdné)*  ,Sečuán,Sečuán,Chov 1
Sečuán,Sečuán,R5       ,,,1,, labuť Bewickova  ,R5,Sečuán,Chov 1
Sečuán,Sečuán,R5       ,,,1,, berneška rudokrká  ,R5,Sečuán,Chov 1
Sečuán,Sečuán,R5       ,,,1,, husa kuří  ,R5,Sečuán,Chov 1
Dětská Zoo,Dětská Zoo,les průchozí      ,,,1,, zvonek zelený  ,Plameňáci,Vodní ptáci,Chov 1
Dětská Zoo,Dětská Zoo,les průchozí      ,,,1,, konipas bílý  ,Plameňáci,Vodní ptáci,Chov 1
Dětská Zoo,Dětská Zoo,les průchozí      ,,,1,, holub doupňák  ,Plameňáci,Vodní ptáci,Chov 1
Dětská Zoo,Dětská Zoo,les průchozí      ,,,1,, drozd zpěvný  ,Plameňáci,Vodní ptáci,Chov 1
Dětská Zoo,Dětská Zoo,les průchozí      ,,,1,, konopka obecná  ,Plameňáci,Vodní ptáci,Chov 1
Dětská Zoo,Dětská Zoo,les průchozí      ,,,1,, pěnkava obecná  ,Plameňáci,Vodní ptáci,Chov 1
Dětská Zoo,Dětská Zoo,les voliéra       ,,,1,, sova pálená  ,Plameňáci,Vodní ptáci,Chov 1
Dětská Zoo,Dětská Zoo,louka průchozí    ,,,1,, špaček obecný  ,Plameňáci,Vodní ptáci,Chov 1
Dětská Zoo,Dětská Zoo,louka průchozí    ,,,1,, pěnkava obecná  ,Plameňáci,Vodní ptáci,Chov 1
Dětská Zoo,Dětská Zoo,louka průchozí    ,,,1,, koroptev polní  ,Plameňáci,Vodní ptáci,Chov 1
Dětská Zoo,Dětská Zoo,louka průchozí    ,,,1,, hrdlička divoká  ,Plameňáci,Vodní ptáci,Chov 1
Dětská Zoo,Dětská Zoo,louka voliéra     ,,,1,, sýček obecný  ,Plameňáci,Vodní ptáci,Chov 1
Dravci,Dravci - Dolní část zoo,E1                 ,,,1,, sup mrchožravý  ,Dravci,Vodní ptáci,Chov 1
Dravci,Dravci - Dolní část zoo,E1                 ,,,1,, včelojed lesní  ,Dravci,Vodní ptáci,Chov 1
Dravci,Dravci - Dolní část zoo,E2                 ,,,1,, orel bělohlavý  ,Dravci,Vodní ptáci,Chov 1
Dravci,Dravci - Dolní část zoo,E3                 ,,,1,, sup mrchožravý  ,Dravci,Vodní ptáci,Chov 1
Dravci,Dravci - Dolní část zoo,E4                 ,,,1,, *(prázdné)*  ,Dravci,Vodní ptáci,Chov 1
Dravci,Dravci - Dolní část zoo,E5                 ,,,1,, orel východní  ,Dravci,Vodní ptáci,Chov 1
Dravci,Dravci - Dolní část zoo,E4                 ,,,1,, *(prázdné)*  ,Dravci,Vodní ptáci,Chov 1
Dravci,Dravci - Dolní část zoo,E7                 ,,,1,, kondor královský  ,Dravci,Vodní ptáci,Chov 1
Dravci,Dravci - Dolní část zoo,E8                 ,,,1,, sup mrchožravý  ,Dravci,Vodní ptáci,Chov 1
chovné zázemí ptáků,chovné zázemí ptáků,CHZ1            ,,,0,, sojkovec šedohnědý  ,staré CHZ,Vodní ptáci,Chov 1
chovné zázemí ptáků,chovné zázemí ptáků,CHZ1            ,,,0,, bažant Edwardsův  ,staré CHZ,Vodní ptáci,Chov 1
chovné zázemí ptáků,chovné zázemí ptáků,CHZ2            ,,,0,, timalie sečuánská  ,staré CHZ,Vodní ptáci,Chov 1
chovné zázemí ptáků,chovné zázemí ptáků,CHZ2            ,,,0,, satyr Cabotův  ,staré CHZ,Vodní ptáci,Chov 1
chovné zázemí ptáků,chovné zázemí ptáků,CHZ2            ,,,0,, sojkovec rezavouchý  ,staré CHZ,Vodní ptáci,Chov 1
chovné zázemí ptáků,chovné zázemí ptáků,CHZ2            ,,,0,, bažant bronzový  ,staré CHZ,Vodní ptáci,Chov 1
chovné zázemí ptáků,chovné zázemí ptáků,CHZ3            ,,,0,, *(prázdné)*  ,staré CHZ,Vodní ptáci,Chov 1
chovné zázemí ptáků,chovné zázemí ptáků,CHZ4            ,,,0,, sojkovec jihočínský  ,staré CHZ,Vodní ptáci,Chov 1
chovné zázemí ptáků,chovné zázemí ptáků,CHZ4            ,,,0,, sokovec vlnkohrbetý  ,staré CHZ,Vodní ptáci,Chov 1
chovné zázemí ptáků,chovné zázemí ptáků,CHZ4            ,,,0,, bažant malajský  ,staré CHZ,Vodní ptáci,Chov 1
chovné zázemí ptáků,chovné zázemí ptáků,CHZ7            ,,,0,, satyr Cabotův  ,staré CHZ,Vodní ptáci,Chov 1
chovné zázemí ptáků,chovné zázemí ptáků,CHZ7            ,,,0,, sojkovec chocholatý  ,staré CHZ,Vodní ptáci,Chov 1
chovné zázemí ptáků,chovné zázemí ptáků,CHZ5            ,,,0,, drozd černoprsý  ,staré CHZ,Vodní ptáci,Chov 1
chovné zázemí ptáků,chovné zázemí ptáků,CHZ5            ,,,0,, koroptev pruhokřídlá  ,staré CHZ,Vodní ptáci,Chov 1
chovné zázemí ptáků,chovné zázemí ptáků,CHZ5            ,,,0,, holub šedobřichý  ,staré CHZ,Vodní ptáci,Chov 1
chovné zázemí ptáků,chovné zázemí ptáků,CHZ6            ,,,0,, sojkovec dvoubarvý  ,staré CHZ,Vodní ptáci,Chov 1
chovné zázemí ptáků,chovné zázemí ptáků,CHZ6            ,,,0,, bažant vietnamský  ,staré CHZ,Vodní ptáci,Chov 1
chovné zázemí ptáků,chovné zázemí ptáků,vypouštěcí A1   ,,,0,, puštík bělavý  ,Voliéry,Vodní ptáci,Chov 1
chovné zázemí ptáků,chovné zázemí ptáků,vypouštěcí A2   ,,,0,, sova pálená  ,Voliéry,Vodní ptáci,Chov 1
chovné zázemí ptáků,chovné zázemí ptáků,vypouštěcí B    ,,,0,, sýček obecný  ,Voliéry,Vodní ptáci,Chov 1
chovné zázemí ptáků,chovné zázemí ptáků,O1       ,,,0,, ara hyacintový  ,Odchovna,Vodní ptáci,Chov 1
chovné zázemí ptáků,chovné zázemí ptáků,O2       ,,,0,, kakadu palmový  ,Odchovna,Vodní ptáci,Chov 1
chovné zázemí ptáků,chovné zázemí ptáků,O3       ,,,0,, kystráček modrolící  ,Odchovna,Vodní ptáci,Chov 1
chovné zázemí ptáků,chovné zázemí ptáků,O4       ,,,0,, tricha orlí  ,Odchovna,Vodní ptáci,Chov 1
chovné zázemí ptáků,chovné zázemí ptáků,O5       ,,,0,, ara Learův  ,Odchovna,Vodní ptáci,Chov 1
chovné zázemí ptáků,chovné zázemí ptáků,OP1      ,,,0,, amazoňan modrobradý  ,Odchovna,Vodní ptáci,Chov 1
chovné zázemí ptáků,chovné zázemí ptáků,OP2      ,,,0,, lori černohlavý  ,Odchovna,Vodní ptáci,Chov 1
chovné zázemí ptáků,chovné zázemí ptáků,OP3      ,,,0,, aratinga andský  ,Odchovna,Vodní ptáci,Chov 1
chovné zázemí ptáků,chovné zázemí ptáků,OP3      ,,,0,, papoušek patagonský  ,Odchovna,Vodní ptáci,Chov 1
chovné zázemí ptáků,chovné zázemí ptáků,OP4      ,,,0,, kakadu palmový  ,Odchovna,Vodní ptáci,Chov 1
chovné zázemí ptáků,chovné zázemí ptáků,O6       ,,,0,, lori balijský  ,Odchovna,Vodní ptáci,Chov 1
chovné zázemí ptáků,chovné zázemí ptáků,O7       ,,,0,, kakadu palmový  ,Odchovna,Vodní ptáci,Chov 1
chovné zázemí ptáků,chovné zázemí ptáků,O8       ,,,0,, amazoňan jamajský  ,Odchovna,Vodní ptáci,Chov 1
chovné zázemí ptáků,chovné zázemí ptáků,O8       ,,,0,, amazoňan rudoocasý  ,Odchovna,Vodní ptáci,Chov 1
chovné zázemí ptáků,chovné zázemí ptáků,O8       ,,,0,, amazoňan modrobradý  ,Odchovna,Vodní ptáci,Chov 1
chovné zázemí ptáků,chovné zázemí ptáků,O9       ,,,0,, ketupa malajská  ,Odchovna,Vodní ptáci,Chov 1
chovné zázemí ptáků,chovné zázemí ptáků,O10      ,,,0,, kakadu palmový  ,Odchovna,Vodní ptáci,Chov 1
chovné zázemí ptáků,chovné zázemí ptáků,R1       ,,,0,, rajka královská  ,Rajky,Vodní ptáci,Chov 1
chovné zázemí ptáků,chovné zázemí ptáků,R2       ,,,0,, rajka královská  ,Rajky,Vodní ptáci,Chov 1
chovné zázemí ptáků,chovné zázemí ptáků,R3       ,,,0,, trogon límcový  ,Rajky,Vodní ptáci,Chov 1
chovné zázemí ptáků,chovné zázemí ptáků,R4       ,,,0,, rajka královská  ,Rajky,Vodní ptáci,Chov 1
chovné zázemí ptáků,chovné zázemí ptáků,R5       ,,,0,, trogon límcový  ,Rajky,Vodní ptáci,Chov 1
chovné zázemí ptáků,chovné zázemí ptáků,R6       ,,,0,, rajka volavá  ,Rajky,Vodní ptáci,Chov 1
chovné zázemí ptáků,chovné zázemí ptáků,R7       ,,,0,, šáma bělořitá  ,Rajky,Vodní ptáci,Chov 1
chovné zázemí ptáků,chovné zázemí ptáků,ZV1      ,,,0,, holub pestrý  ,Nové zázemí,Vodní ptáci,Chov 1
chovné zázemí ptáků,chovné zázemí ptáků,ZV1      ,,,0,, kraska zlatobřichá  ,Nové zázemí,Vodní ptáci,Chov 1
chovné zázemí ptáků,chovné zázemí ptáků,ZV1      ,,,0,, kraska zelenavá  ,Nové zázemí,Vodní ptáci,Chov 1
chovné zázemí ptáků,chovné zázemí ptáků,ZV2      ,,,0,, majna Rothschildova  ,Nové zázemí,Vodní ptáci,Chov 1
chovné zázemí ptáků,chovné zázemí ptáků,ZV2      ,,,0,, holub šedobřichý  ,Nové zázemí,Vodní ptáci,Chov 1
chovné zázemí ptáků,chovné zázemí ptáků,ZV2      ,,,0,, bažant malajský  ,Nové zázemí,Vodní ptáci,Chov 1
chovné zázemí ptáků,chovné zázemí ptáků,ZV3      ,,,0,, loskuták posvátný  ,Nové zázemí,Vodní ptáci,Chov 1
chovné zázemí ptáků,chovné zázemí ptáků,ZV3      ,,,0,, sojkovec modrotemenný 1  ,Nové zázemí,Vodní ptáci,Chov 1
chovné zázemí ptáků,chovné zázemí ptáků,ZV3      ,,,0,, dytík velký  ,Nové zázemí,Vodní ptáci,Chov 1
chovné zázemí ptáků,chovné zázemí ptáků,ZV4      ,,,0,, loskuták posvátný  ,Nové zázemí,Vodní ptáci,Chov 1
chovné zázemí ptáků,chovné zázemí ptáků,ZV4      ,,,0,, bažant Edwardsův  ,Nové zázemí,Vodní ptáci,Chov 1
chovné zázemí ptáků,chovné zázemí ptáků,ZV4      ,,,0,, holub černobronzový  ,Nové zázemí,Vodní ptáci,Chov 1
chovné zázemí ptáků,chovné zázemí ptáků,ZV5      ,,,0,, ketupa malajská  ,Nové zázemí,Vodní ptáci,Chov 1
chovné zázemí ptáků,chovné zázemí ptáků,ZZ1      ,,,0,, vlhovec Chapmanův  ,Nové zázemí,Vodní ptáci,Chov 1
chovné zázemí ptáků,chovné zázemí ptáků,ZZ1      ,,,0,, vlhovec zlatohlavý  ,Nové zázemí,Vodní ptáci,Chov 1
chovné zázemí ptáků,chovné zázemí ptáků,ZZ1      ,,,0,, sojkovec dvoubarvý  ,Nové zázemí,Vodní ptáci,Chov 1
chovné zázemí ptáků,chovné zázemí ptáků,ZZ1      ,,,0,, dytík velký  ,Nové zázemí,Vodní ptáci,Chov 1
chovné zázemí ptáků,chovné zázemí ptáků,ZZ2      ,,,0,, holub podkovní  ,Nové zázemí,Vodní ptáci,Chov 1
chovné zázemí ptáků,chovné zázemí ptáků,ZZ2      ,,,0,, dytík bledý  ,Nové zázemí,Vodní ptáci,Chov 1
chovné zázemí ptáků,chovné zázemí ptáků,ZZ3      ,,,0,, korunáč šedomodrý  ,Nové zázemí,Vodní ptáci,Chov 1
chovné zázemí ptáků,chovné zázemí ptáků,ZZ4      ,,,0,, ibis madagaskarský  ,Nové zázemí,Vodní ptáci,Chov 1
chovné zázemí ptáků,chovné zázemí ptáků,ZZ4      ,,,0,, dudkovec stromový  ,Nové zázemí,Vodní ptáci,Chov 1
chovné zázemí ptáků,chovné zázemí ptáků,ZZ5      ,,,0,, zoborožec indický  ,Nové zázemí,Vodní ptáci,Chov 1
chovné zázemí ptáků,chovné zázemí ptáků,ZZ5      ,,,0,, ketupa Pelova  ,Nové zázemí,Vodní ptáci,Chov 1
chovné zázemí ptáků,chovné zázemí ptáků,skleník            ,,,0,, orel kejklíř  ,Skleník,Vodní ptáci,Chov 1
chovné zázemí ptáků,chovné zázemí ptáků,skleník            ,,,0,, pelikán kadeřavý  ,Skleník,Vodní ptáci,Chov 1
chovné zázemí ptáků,chovné zázemí ptáků,skleník            ,,,0,, pelikán bílý  ,Skleník,Vodní ptáci,Chov 1
chovné zázemí ptáků,chovné zázemí ptáků,skleník            ,,,0,, pelikán kadeřavý  ,Skleník,Vodní ptáci,Chov 1
chovné zázemí ptáků,chovné zázemí ptáků,skleník            ,,,0,, sup kapucín  ,Skleník,Vodní ptáci,Chov 1
chovné zázemí ptáků,chovné zázemí ptáků,D1          ,,,0,, sup mrchožravý  ,Dravci,Vodní ptáci,Chov 1
chovné zázemí ptáků,chovné zázemí ptáků,D1a         ,,,0,, *(prázdné)*  ,Dravci,Vodní ptáci,Chov 1
chovné zázemí ptáků,chovné zázemí ptáků,D1b         ,,,0,, *(prázdné)*  ,Dravci,Vodní ptáci,Chov 1
chovné zázemí ptáků,chovné zázemí ptáků,D2          ,,,0,, *(prázdné)*  ,Dravci,Vodní ptáci,Chov 1
chovné zázemí ptáků,chovné zázemí ptáků,D2          ,,,0,, *(prázdné)*  ,Dravci,Vodní ptáci,Chov 1
chovné zázemí ptáků,chovné zázemí ptáků,D2 dole     ,,,0,, puštík brýlový  ,Dravci,Vodní ptáci,Chov 1
chovné zázemí ptáků,chovné zázemí ptáků,D3          ,,,0,, *(prázdné)*  ,Dravci,Vodní ptáci,Chov 1
chovné zázemí ptáků,chovné zázemí ptáků,D3 dole     ,,,0,, seriema rudozobá  ,Dravci,Vodní ptáci,Chov 1
chovné zázemí ptáků,chovné zázemí ptáků,D3 nahoře   ,,,0,, kondor menší  ,Dravci,Vodní ptáci,Chov 1
chovné zázemí ptáků,chovné zázemí ptáků,D4          ,,,0,, orlosup bradatý  ,Dravci,Vodní ptáci,Chov 1
chovné zázemí ptáků,chovné zázemí ptáků,D4a         ,,,0,, marabu africký  ,Dravci,Vodní ptáci,Chov 1
chovné zázemí ptáků,chovné zázemí ptáků,D4b         ,,,0,, *(prázdné)*  ,Dravci,Vodní ptáci,Chov 1
chovné zázemí ptáků,Modré bazény,velký bazén       ,,,0,, morčák bílý  ,Plameňáci,Vodní ptáci,Chov 1
chovné zázemí ptáků,Modré bazény,velký bazén       ,,,0,, polák černohlavý  ,Plameňáci,Vodní ptáci,Chov 1
chovné zázemí ptáků,Modré bazény,velký bazén       ,,,0,, čírka obecná  ,Plameňáci,Vodní ptáci,Chov 1
chovné zázemí ptáků,Modré bazény,velký bazén       ,,,0,, zrzohlávka rudozobá  ,Plameňáci,Vodní ptáci,Chov 1
chovné zázemí ptáků,Modré bazény,velký bazén       ,,,0,, kachnička karolinská  ,Plameňáci,Vodní ptáci,Chov 1
chovné zázemí ptáků,Modré bazény,velký bazén       ,,,0,, pižmovka velká  ,Plameňáci,Vodní ptáci,Chov 1
chovné zázemí ptáků,Modré bazény,malý bazén        ,,,0,, morčák prostřední  ,Plameňáci,Vodní ptáci,Chov 1
chovné zázemí ptáků,Modré bazény,voliéra,,,0,, poštolka jižní  ,Plameňáci,Vodní ptáci,Chov 1
chovné zázemí ptáků,Modré bazény,karanténa velký   ,,,0,, jeřáb mandžuský  ,Plameňáci,Vodní ptáci,Chov 1
chovné zázemí ptáků,Modré bazény,karanténa malý    ,,,0,, kamiš růžkatý  ,Plameňáci,Vodní ptáci,Chov 1
chovné zázemí ptáků,Modré bazény,ubikace,,,0,, husovec stračí  ,Plameňáci,Vodní ptáci,Chov 1
chovné zázemí ptáků,chovné zázemí ptáků,ST2              ,,,0,, pižmovka konžská  ,Plameňáci,Vodní ptáci,Chov 1
chovné zázemí ptáků,chovné zázemí ptáků,ST3              ,,,0,, kraska jávská  ,Plameňáci,Vodní ptáci,Chov 1
chovné zázemí ptáků,chovné zázemí ptáků,ST3              ,,,0,, morčák paranský  ,Plameňáci,Vodní ptáci,Chov 1
chovné zázemí ptáků,chovné zázemí ptáků,ST0              ,,,0,, marabu africký  ,Plameňáci,Vodní ptáci,Chov 1
chovné zázemí ptáků,chovné zázemí ptáků,ST1a             ,,,0,, marabu africký  ,Plameňáci,Vodní ptáci,Chov 1
chovné zázemí ptáků,chovné zázemí ptáků,ST1b             ,,,0,, marabu africký  ,Plameňáci,Vodní ptáci,Chov 1
chovné zázemí ptáků,chovné zázemí ptáků,SS2              ,,,0,, člunozobec africký  ,Plameňáci,Vodní ptáci,Chov 1
chovné zázemí ptáků,chovné zázemí ptáků,SS3              ,,,0,, člunozobec africký  ,Plameňáci,Vodní ptáci,Chov 1
chovné zázemí ptáků,chovné zázemí ptáků,voliéra 1          ,,,0,, morčák prostřední  ,Plameňáci,Vodní ptáci,Chov 1
chovné zázemí ptáků,chovné zázemí ptáků,voliéra 2,,,0,,,Plameňáci,Vodní ptáci,Chov 1
Pelikáni,Vodní svět a opičí ostrovy (Pelikáni),R3                 ,,,1,, pelikán kadeřavý  ,Laguna,Vodní ptáci,Chov 1
Pelikáni,Vodní svět a opičí ostrovy (Pelikáni),R3                 ,,,1,, pelikán bílý  ,Laguna,Vodní ptáci,Chov 1
Sečuán,Vodní svět a opičí ostrovy (Sečuán),R2                ,,,1,, čája obojková  ,Plameňáci,Vodní ptáci,Chov 1
Sečuán,Vodní svět a opičí ostrovy (Sečuán),R2                ,,,1,, zrzohlávka rudozobá  ,Plameňáci,Vodní ptáci,Chov 1
Sečuán,Vodní svět a opičí ostrovy (Sečuán),R2                ,,,1,, husice rezavá  ,Plameňáci,Vodní ptáci,Chov 1
Tropické sovy,Dravci - Dolní část zoo,K1a      ,,,1,, ketupa malajská  ,Expozice,Vodní ptáci,Chov 1
Tropické sovy,Dravci - Dolní část zoo,K1b      ,,,1,, ketupa Pelova  ,Expozice,Vodní ptáci,Chov 1
Tropické sovy,Dravci - Dolní část zoo,K2       ,,,1,, ketupa Pelova  ,Expozice,Vodní ptáci,Chov 1
Vodní svět ,Vodní svět a opičí ostrovy,stará expozice   ,,,1,, plameňák růžový  ,Plameňáci,Vodní ptáci,Chov 1
Vodní svět ,Vodní svět a opičí ostrovy,stará expozice   ,,,1,, plameňák hydeův ?? ,Plameňáci,Vodní ptáci,Chov 1
Vodní svět ,Vodní svět a opičí ostrovy,nová expozice    ,,,1,, plameňák růžový  ,Plameňáci,Vodní ptáci,Chov 1
Vodní svět ,Vodní svět a opičí ostrovy,nová expozice    ,,,1,, plameňák chilský  ,Plameňáci,Vodní ptáci,Chov 1
Vodní svět ,Vodní svět a opičí ostrovy,nová expozice    ,,,1,, plameňák kubánský  ,Plameňáci,Vodní ptáci,Chov 1
Vodní svět ,Vodní svět a opičí ostrovy,nová expozice    ,,,1,, kachna patagonská  ,Plameňáci,Vodní ptáci,Chov 1
Vodní svět ,Vodní svět a opičí ostrovy,nová expozice    ,,,1,, kachnička karolínská  ,Plameňáci,Vodní ptáci,Chov 1
Vodní svět ,Vodní svět a opičí ostrovy,voliéra andulek  ,,,1,, flétňák australský  ,Plameňáci,Vodní ptáci,Chov 1
Vodní svět a opičí ostrovy,Ptačí mokřady (Vodní svět a opičí ostrovy),V1          ,,,1,, jeřáb bílý  ,Laguna,Vodní ptáci,Chov 1
Vodní svět a opičí ostrovy,Ptačí mokřady (Vodní svět a opičí ostrovy),D1          ,,,0,, jeřáb laločnatý  ,Laguna,Vodní ptáci,Chov 1
Vodní svět a opičí ostrovy,Ptačí mokřady (Vodní svět a opičí ostrovy),VD1,,,0,,,Laguna,Vodní ptáci,Chov 1
Vodní svět a opičí ostrovy,Ptačí mokřady (Vodní svět a opičí ostrovy),V2          ,,,1,, jeřáb mandžuský,Laguna,Vodní ptáci,Chov 1
Vodní svět a opičí ostrovy,Ptačí mokřady (Vodní svět a opičí ostrovy),D2          ,,,0,, jeřáb rajský  ,Laguna,Vodní ptáci,Chov 1
Vodní svět a opičí ostrovy,Ptačí mokřady (Vodní svět a opičí ostrovy),VD2,,,0,,,Laguna,Vodní ptáci,Chov 1
Vodní svět a opičí ostrovy,Ptačí mokřady (Vodní svět a opičí ostrovy),V3          ,,,1,, jeřáb popelavý  ,Laguna,Vodní ptáci,Chov 1
Vodní svět a opičí ostrovy,Ptačí mokřady (Vodní svět a opičí ostrovy),V3          ,,,1,, berneška rudokrká  ,Laguna,Vodní ptáci,Chov 1
Vodní svět a opičí ostrovy,Ptačí mokřady (Vodní svět a opičí ostrovy),V3          ,,,1,, husa malá  ,Laguna,Vodní ptáci,Chov 1
Vodní svět a opičí ostrovy,Ptačí mokřady (Vodní svět a opičí ostrovy),V3          ,,,1,, husa císařská  ,Laguna,Vodní ptáci,Chov 1
Vodní svět a opičí ostrovy,Ptačí mokřady (Vodní svět a opičí ostrovy),V3          ,,,1,, husovec stračí  ,Laguna,Vodní ptáci,Chov 1
Vodní svět a opičí ostrovy,Ptačí mokřady (Vodní svět a opičí ostrovy),D3          ,,,0,, jeřáb laločnatý  ,Laguna,Vodní ptáci,Chov 1
Vodní svět a opičí ostrovy,Ptačí mokřady (Vodní svět a opičí ostrovy),VD3,,,0,, *(prázdné)*  ,Laguna,Vodní ptáci,Chov 1
Vodní svět a opičí ostrovy,Ptačí mokřady (Vodní svět a opičí ostrovy),V4          ,,,1,, hadilov písař  ,Laguna,Vodní ptáci,Chov 1
Vodní svět a opičí ostrovy,Ptačí mokřady (Vodní svět a opičí ostrovy),V4          ,,,1,, jeřáb rajský  ,Laguna,Vodní ptáci,Chov 1
Vodní svět a opičí ostrovy,Ptačí mokřady (Vodní svět a opičí ostrovy),V4          ,,,1,, čáp bílý  ,Laguna,Vodní ptáci,Chov 1
Vodní svět a opičí ostrovy,Ptačí mokřady (Vodní svět a opičí ostrovy),V4          ,,,1,, labuť Bewickova  ,Laguna,Vodní ptáci,Chov 1
Vodní svět a opičí ostrovy,Ptačí mokřady (Vodní svět a opičí ostrovy),V4          ,,,1,, pižmovka velká  ,Laguna,Vodní ptáci,Chov 1
Vodní svět a opičí ostrovy,Ptačí mokřady (Vodní svět a opičí ostrovy),V4          ,,,1,, kachna temná  ,Laguna,Vodní ptáci,Chov 1
Vodní svět a opičí ostrovy,Ptačí mokřady (Vodní svět a opičí ostrovy),V4          ,,,1,, kachna kříženec  ,Laguna,Vodní ptáci,Chov 1
Vodní svět a opičí ostrovy,Ptačí mokřady (Vodní svět a opičí ostrovy),V4          ,,,1,, volavka popelavá  ,Laguna,Vodní ptáci,Chov 1
Vodní svět a opičí ostrovy,Ptačí mokřady (Vodní svět a opičí ostrovy),D4,,,0,,,Laguna,Vodní ptáci,Chov 1
Vodní svět a opičí ostrovy,Ptačí mokřady (Vodní svět a opičí ostrovy),VD4,,,0,,,Laguna,Vodní ptáci,Chov 1
Voliéra pod skálou,Skalní masiv - Voliéra pod skalou,expozice,,,1,, nesyt africký  ,Waldrapi,Vodní ptáci,Chov 1
Voliéra pod skálou,Skalní masiv - Voliéra pod skalou,expozice,,,1,, čáp simbil  ,Waldrapi,Vodní ptáci,Chov 1
Voliéra pod skálou,Skalní masiv - Voliéra pod skalou,expozice,,,1,, jeřáb panenský  ,Waldrapi,Vodní ptáci,Chov 1
Voliéra pod skálou,Skalní masiv - Voliéra pod skalou,expozice,,,1,, ibis hagedaš  ,Waldrapi,Vodní ptáci,Chov 1
Voliéra pod skálou,Skalní masiv - Voliéra pod skalou,expozice,,,1,, kladivouš africký  ,Waldrapi,Vodní ptáci,Chov 1
Voliéra pod skálou,Skalní masiv - Voliéra pod skalou,expozice,,,1,, ibis skalní  ,Waldrapi,Vodní ptáci,Chov 1
Voliéra pod skálou,Skalní masiv - Voliéra pod skalou,expozice,,,1,, sup mrchožravý  ,Waldrapi,Vodní ptáci,Chov 1
Voliéra pod skálou,Skalní masiv - Voliéra pod skalou,expozice,,,1,, čírka obecná  ,Waldrapi,Vodní ptáci,Chov 1
Voliéra pod skálou,Skalní masiv - Voliéra pod skalou,expozice,,,1,, čírka úzkozobá  ,Waldrapi,Vodní ptáci,Chov 1
Voliéra pod skálou,Skalní masiv - Voliéra pod skalou,expozice,,,1,, polák malý  ,Waldrapi,Vodní ptáci,Chov 1
Voliéra pod skálou,Skalní masiv - Voliéra pod skalou,expozice,,,1,, kachnice bělohlavá  ,Waldrapi,Vodní ptáci,Chov 1
Voliéra pod skálou,Skalní masiv - Voliéra pod skalou,expozice,,,1,, poštolka jižní  ,Waldrapi,Vodní ptáci,Chov 1
Voliéra pod skálou,Skalní masiv - Voliéra pod skalou,expozice,,,1,, sýček obecný  ,Waldrapi,Vodní ptáci,Chov 1
Voliéra pod skálou,Skalní masiv - Voliéra pod skalou,expozičí box  ,,,1,, holub skalní  ,Waldrapi,Vodní ptáci,Chov 1
Voliéra pod skálou,Skalní masiv - Voliéra pod skalou,box zázemí,,,0,,,Waldrapi,Vodní ptáci,Chov 1
Darwinův kráter,Darwinův kráter,Ďábel 1,,,1,,číslováno ve směru prohlídky,Darwin,Darwinův kráter,Chov 2
Darwinův kráter,Darwinův kráter,Ďábel 2,,,1,,,Darwin,Darwinův kráter,Chov 2
Darwinův kráter,Darwinův kráter,Vombat venkovní 1,,,1,,číslováno ve směru prohlídky,Darwin,Darwinův kráter,Chov 2
Darwinův kráter,Darwinův kráter,Vombat venkovní 2,,,1,,,Darwin,Darwinův kráter,Chov 2
Darwinův kráter,Darwinův kráter,Vombat vnitřní,,,1,,,Darwin,Darwinův kráter,Chov 2
Darwinův kráter,Darwinův kráter,Ďábel vnitřní,,,1,,,Darwin,Darwinův kráter,Chov 2
Darwinův kráter,Darwinův kráter,Ďábel zázemí,,,0,,,Darwin,Darwinův kráter,Chov 2
Darwinův kráter,Darwinův kráter,Ježura,,,1,,,Darwin,Darwinův kráter,Chov 2
Darwinův kráter,Darwinův kráter,Ježura zázemí,,,0,,,Darwin,Darwinův kráter,Chov 2
Darwinův kráter,Darwinův kráter,Klokani průchozí,,,1,,,Darwin,Darwinův kráter,Chov 2
Darwinův kráter,Darwinův kráter,Klokani stáj,,,1,,,Darwin,Darwinův kráter,Chov 2
Austrálie ,Austrálie,Klokani rudí výběh,,,1,,,Vlci hřivnatí,Kočkovité šelmy,Chov 2
Austrálie ,Austrálie,Klokani rudí stáj,,,1,,,Vlci hřivnatí,Kočkovité šelmy,Chov 2
Dikobraz srstnatonosý,Pavilon šelem a plazů,Dikobraz srstnatonosý,,,1,,,Lvi a tygři,Kočkovité šelmy,Chov 2
Gobi ,Gobi,1 Ježek,,,1,,číslováno od vchodu,Vlci hřivnatí,Kočkovité šelmy,Chov 2
Gobi ,Gobi,2 Drobní hlodavci,,,1,,,Vlci hřivnatí,Kočkovité šelmy,Chov 2
Gobi ,Gobi,3 Drobní hlodavci,,,1,,,Vlci hřivnatí,Kočkovité šelmy,Chov 2
Gobi ,Gobi,4 Drobní hlodavci,,,1,,,Vlci hřivnatí,Kočkovité šelmy,Chov 2
Gobi ,Gobi,Manulové,,,1,,,Gepardi,Kočkovité šelmy,Chov 2
Tapíři,Tapíři,Zázemí malých koček starý sloninec,,,0,,,Malé kočky a tapíři,Kočkovité šelmy,Chov 2
Severský les,Tygři ussurijští,Gepardi odchovna,,,0,,,Gepardi,Kočkovité šelmy,Chov 2
Napříč kontinenty,Napříč kontinenty,Vlci hřivnatí,,,1,,,Vlci hřivnatí,Kočkovité šelmy,Chov 2
Napříč kontinenty,Napříč kontinenty,Vlci hřivnatí zázemí,,,0,,,Vlci hřivnatí,Kočkovité šelmy,Chov 2
Napříč kontinenty,Napříč kontinenty,Malé kočky zázemí,,,0,,,Vlci hřivnatí,Kočkovité šelmy,Chov 2
Napříč kontinenty,Napříč kontinenty,Klokani horští,,,1,,,Vlci hřivnatí,Kočkovité šelmy,Chov 2
Napříč kontinenty,Napříč kontinenty,Nosáli,,,1,,,Vlci hřivnatí,Kočkovité šelmy,Chov 2
Pavilon šelem a plazů,Pavilon šelem a plazů,Gepardi,,,1,,,Lvi a tygři,Kočkovité šelmy,Chov 2
Pavilon šelem a plazů,Pavilon šelem a plazů,Tygr venkovní 1,,,1,,"sumaterský, blíže vchodu",Lvi a tygři,Kočkovité šelmy,Chov 2
Pavilon šelem a plazů,Pavilon šelem a plazů,Tygr venkovní 2,,,1,,"malajský, blíže radaru",Lvi a tygři,Kočkovité šelmy,Chov 2
Pavilon šelem a plazů,Pavilon šelem a plazů,Malá kočka venkovní 1,,,1,,číslováno od vchodu,Malé kočky a tapíři,Kočkovité šelmy,Chov 2
Pavilon šelem a plazů,Pavilon šelem a plazů,Malá kočka venkovní 2,,,1,,,Malé kočky a tapíři,Kočkovité šelmy,Chov 2
Pavilon šelem a plazů,Pavilon šelem a plazů,Malá kočka venkovní 3,,,1,,,Malé kočky a tapíři,Kočkovité šelmy,Chov 2
Pavilon šelem a plazů,Pavilon šelem a plazů,Malá kočka venkovní 4,,,1,,,Malé kočky a tapíři,Kočkovité šelmy,Chov 2
Pavilon šelem a plazů,Pavilon šelem a plazů,Malá kočka venkovní 5,,,1,,,Malé kočky a tapíři,Kočkovité šelmy,Chov 2
Pavilon šelem a plazů,Pavilon šelem a plazů,Malá kočka venkovní 6,,,0,,,Malé kočky a tapíři,Kočkovité šelmy,Chov 2
Pavilon šelem a plazů,Pavilon šelem a plazů,Lev venkovní,,,1,,,Lvi a tygři,Kočkovité šelmy,Chov 2
Pavilon šelem a plazů,Pavilon šelem a plazů,Malá kočka vnitřní 1,,,1,,číslováno od vchodu,Malé kočky a tapíři,Kočkovité šelmy,Chov 2
Pavilon šelem a plazů,Pavilon šelem a plazů,Malá kočka vnitřní 2,,,1,,,Malé kočky a tapíři,Kočkovité šelmy,Chov 2
Pavilon šelem a plazů,Pavilon šelem a plazů,Malá kočka vnitřní 3,,,1,,,Malé kočky a tapíři,Kočkovité šelmy,Chov 2
Pavilon šelem a plazů,Pavilon šelem a plazů,Malá kočka vnitřní 4,,,1,,,Malé kočky a tapíři,Kočkovité šelmy,Chov 2
Pavilon šelem a plazů,Pavilon šelem a plazů,Malá kočka vnitřní 5,,,1,,,Malé kočky a tapíři,Kočkovité šelmy,Chov 2
Pavilon šelem a plazů,Pavilon šelem a plazů,Malá kočka vnitřní 6,,,1,,,Malé kočky a tapíři,Kočkovité šelmy,Chov 2
Pavilon šelem a plazů,Pavilon šelem a plazů,Malá kočka vnitřní 7,,,1,,,Malé kočky a tapíři,Kočkovité šelmy,Chov 2
Pavilon šelem a plazů,Pavilon šelem a plazů,Lev vnitřní 1,,,1,,,Lvi a tygři,Kočkovité šelmy,Chov 2
Pavilon šelem a plazů,Pavilon šelem a plazů,Lev vnitřní 2,,,1,,,Lvi a tygři,Kočkovité šelmy,Chov 2
Pavilon šelem a plazů,Pavilon šelem a plazů,Lev vnitřní 3,,,1,,,Lvi a tygři,Kočkovité šelmy,Chov 2
Pavilon šelem a plazů,Pavilon šelem a plazů,Lev zázemí,,,0,,,Lvi a tygři,Kočkovité šelmy,Chov 2
Pavilon šelem a plazů,Pavilon šelem a plazů,Tygr vnitřní 1,,,1,,číslováno od vchodu,Lvi a tygři,Kočkovité šelmy,Chov 2
Pavilon šelem a plazů,Pavilon šelem a plazů,Tygr vnitřní 2,,,1,,,Lvi a tygři,Kočkovité šelmy,Chov 2
Pavilon šelem a plazů,Pavilon šelem a plazů,Tygr vnitřní 3,,,1,,,Lvi a tygři,Kočkovité šelmy,Chov 2
Pavilon šelem a plazů,Pavilon šelem a plazů,Tygr vnitřní 4,,,1,,,Lvi a tygři,Kočkovité šelmy,Chov 2
Pavilon šelem a plazů,Pavilon šelem a plazů,Tygr vnitřní 5,,,1,,,Lvi a tygři,Kočkovité šelmy,Chov 2
Pavilon šelem a plazů,Pavilon šelem a plazů,Tygr vnitřní 6,,,1,,,Lvi a tygři,Kočkovité šelmy,Chov 2
Pavilon šelem a plazů,Pavilon šelem a plazů,Tygr vnitřní 7,,,1,,,Lvi a tygři,Kočkovité šelmy,Chov 2
Pavilon šelem a plazů,Pavilon šelem a plazů,Tygr vnitřní 8,,,1,,,Lvi a tygři,Kočkovité šelmy,Chov 2
Pavilon šelem a plazů,Pavilon šelem a plazů,Tygr vnitřní 9,,,1,,,Lvi a tygři,Kočkovité šelmy,Chov 2
Severský les,Napříč kontinenty (Severský les),Hyeny 1,,,1,,"číslováno od vchodu, blíže Gulab",Gepardi,Kočkovité šelmy,Chov 2
Severský les,Napříč kontinenty (Severský les),Hyeny 2,,,1,,,Gepardi,Kočkovité šelmy,Chov 2
Severský les,Severský les,Vlci eurasijští,,,1,,,Gepardi,Kočkovité šelmy,Chov 2
Severský les,Severský les,Tygři ussurijští,,,1,,,Gepardi,Kočkovité šelmy,Chov 2
Severský les,Severský les,Levharti mandžuští,,,1,,Zrušeno,Gepardi,Kočkovité šelmy,Chov 2
Severský les,Severský les,Zázemí koček,,,0,,,Gepardi,Kočkovité šelmy,Chov 2
Skalní masiv,Skalní masiv,Paovce,,,1,,,Horské kozy,Kočkovité šelmy,Chov 2
Skalní masiv,Skalní masiv,Kozorožci,,,1,,,Horské kozy,Kočkovité šelmy,Chov 2
Skalní masiv,Skalní masiv,Tahři,,,1,,,Horské kozy,Kočkovité šelmy,Chov 2
Tapíři,Vodní svět a opičí ostrovy (Tapíři),Tapír čabrakový stáj,,,1,,,Malé kočky a tapíři,Kočkovité šelmy,Chov 2
Tapíři,Vodní svět a opičí ostrovy (Tapíři),Tapír čabrakový výběh 1,,,1,,"severní, blíže hlavnímu vchodu do zahrady",Malé kočky a tapíři,Kočkovité šelmy,Chov 2
Tapíři,Vodní svět a opičí ostrovy (Tapíři),Tapír čabrakový výběh 2,,,1,,,Malé kočky a tapíři,Kočkovité šelmy,Chov 2
Tapíři,Rezervace Bororo,Tapír jihoamerický,,,1,,,Horské kozy,Kočkovité šelmy,Chov 2
Afrika zblízka,Afrika zblízka,1 Nádrže u přípravny,,,1,,,Vitríny,Malí savci,Chov 2
Afrika zblízka,Afrika zblízka,2 Nádrže u přípravny,,,1,,,Vitríny,Malí savci,Chov 2
Afrika zblízka,Afrika zblízka,3 Nádrže u přípravny,,,1,,,Vitríny,Malí savci,Chov 2
Afrika zblízka,Afrika zblízka,4 Podzemníci,,,1,,rypoš obří,Vitríny,Malí savci,Chov 2
Afrika zblízka,Afrika zblízka,6 Medojed vnitřní,,,1,,medojed,Savci,Malí savci,Chov 2
Afrika zblízka,Afrika zblízka,7 Medojed vnitřní,,,1,,medojed,Savci,Malí savci,Chov 2
Afrika zblízka,Afrika zblízka,8 Pes ušatý vnitřní,,,1,,pes ušatý,Savci,Malí savci,Chov 2
Afrika zblízka,Afrika zblízka,9 Velcí bércouni,,,1,,bércoun Petersův,Savci,Malí savci,Chov 2
Afrika zblízka,Afrika zblízka,10 Damani,,,1,,daman stepní,Savci,Malí savci,Chov 2
Afrika zblízka,Afrika zblízka,12 Malí primáti vnitřní,,,1,,lemur běločelý a kata,Savci,Malí savci,Chov 2
Afrika zblízka,Afrika zblízka,15 Mangusty trpasličí,,,1,,mangusta trpasličí a komba Garnettova,Vitríny,Malí savci,Chov 2
Afrika zblízka,Afrika zblízka,33 Nádrž hlodavci velká,,,1,,bércoun africký,Vitríny,Malí savci,Chov 2
Afrika zblízka,Afrika zblízka,34 Nádrž hlodavci,,,1,,bodlinatka turecká,Vitríny,Malí savci,Chov 2
Afrika zblízka,Afrika zblízka,39 Nádrž hlodavci malá,,,1,,myš zebrovaná,Vitríny,Malí savci,Chov 2
Afrika zblízka,Afrika zblízka,40 Nádrž bělozubky,,,1,,bělozubka nejmenší,Vitríny,Malí savci,Chov 2
Afrika zblízka,Afrika zblízka,41 Vitrína maki,,,1,,tarbík egyptský,Vitríny,Malí savci,Chov 2
Afrika zblízka,Afrika zblízka,42 Vitrína komby,,,1,,"komba jižní, křeček velký",Vitríny,Malí savci,Chov 2
Afrika zblízka,Afrika zblízka,43 Vitrína gundi,,,1,,gundi saharský,Vitríny,Malí savci,Chov 2
Afrika zblízka,Afrika zblízka,49 Nádrž hlodavci,,,1,,myška africká,Vitríny,Malí savci,Chov 2
Afrika zblízka,Afrika zblízka,2 Fenek,,,1,,,Savci,Malí savci,Chov 2
Afrika zblízka,Afrika zblízka,3 Dikobraz,,,1,,,Savci,Malí savci,Chov 2
Afrika zblízka,Afrika zblízka,4 Mangusta,,,1,,,Savci,Malí savci,Chov 2
Afrika zblízka,Afrika zblízka,5 Veverka kapská venkovní 1,,,1,,,Savci,Malí savci,Chov 2
Afrika zblízka,Afrika zblízka,6 Veverka kapská venkovní 2,,,1,,,Savci,Malí savci,Chov 2
Afrika zblízka,Afrika zblízka,7 Veverka kapská vnitřní ubikace,,,1,,,Savci,Malí savci,Chov 2
Afrika zblízka,Afrika zblízka,8 Venkovní voliera ,,,1,,,Savci,Malí savci,Chov 2
Afrika zblízka,Afrika zblízka,9 Pes ušatý venkovní,,,1,,,Savci,Malí savci,Chov 2
Afrika zblízka,Afrika zblízka,10 Medojed venkovní,,,1,,,Savci,Malí savci,Chov 2
Indonéská džungle,Indonéská džungle,Nokturnárium 1,,,1,,,Vitríny,Malí savci,Chov 2
Indonéská džungle,Indonéská džungle,Nokturnárium 2,,,1,,,Vitríny,Malí savci,Chov 2
Indonéská džungle,Indonéská džungle,Nokturnárium 3,,,1,,luskoun,Darwin (Malí savci),Malí savci,Chov 2
Indonéská džungle,Indonéská džungle,Nokturnárium 4,,,1,,,Vitríny,Malí savci,Chov 2
Indonéská džungle,Indonéská džungle,Nokturnárium 5,,,1,,luskoun,Darwin (Malí savci),Malí savci,Chov 2
Indonéská džungle,Indonéská džungle,Nokturnárium 6,,,1,,luskoun,Darwin (Malí savci),Malí savci,Chov 2
Indonéská džungle,Indonéská džungle,Nokturnárium 7,,,1,,luskoun,Darwin (Malí savci),Malí savci,Chov 2
Indonéská džungle,Indonéská džungle,Nokturnárium box v zázemí,,,0,,,Vitríny,Malí savci,Chov 2
Indonéská džungle,Indonéská džungle,Vitrína u východu levá,,,1,,,Vitríny,Malí savci,Chov 2
Indonéská džungle,Indonéská džungle,Vitrína u východu pravá,,,1,,,Vitríny,Malí savci,Chov 2
Jihoamerické šelmy,Napříč kontinenty (Jihoamerické šelmy),Kočky venkovní 1,,,1,,číslováno od vchodu do zoo,Medvědi,Malí savci,Chov 2
Jihoamerické šelmy,Napříč kontinenty (Jihoamerické šelmy),Kočky venkovní 2,,,1,,,Medvědi,Malí savci,Chov 2
Jihoamerické šelmy,Napříč kontinenty (Jihoamerické šelmy),Kočky zázemí,,,0,,,Medvědi,Malí savci,Chov 2
Jihoamerické šelmy,Napříč kontinenty (Jihoamerické šelmy),Kočky vnitřní 1,,,1,,,Medvědi,Malí savci,Chov 2
Jihoamerické šelmy,Napříč kontinenty (Jihoamerické šelmy),Kočky vnitřní 2,,,1,,,Medvědi,Malí savci,Chov 2
Jihoamerické šelmy,Napříč kontinenty (Jihoamerické šelmy),Psi venkovní 1,,,1,,,Medvědi,Malí savci,Chov 2
Jihoamerické šelmy,Napříč kontinenty (Jihoamerické šelmy),Psi venkovní 2,,,1,,,Medvědi,Malí savci,Chov 2
Jihoamerické šelmy,Napříč kontinenty (Jihoamerické šelmy),Psi zázemí 1,,,0,,,Medvědi,Malí savci,Chov 2
Jihoamerické šelmy,Napříč kontinenty (Jihoamerické šelmy),Psi zázemí 2,,,0,,,Medvědi,Malí savci,Chov 2
Jihoamerické šelmy,Napříč kontinenty (Jihoamerické šelmy),Psi vnitřní 1,,,1,,,Medvědi,Malí savci,Chov 2
Jihoamerické šelmy,Napříč kontinenty (Jihoamerické šelmy),Psi vnitřní 2,,,1,,,Medvědi,Malí savci,Chov 2
Lední medvědi,Lední medvědi,Medvědi velký,,,1,,návštěvnicky levý,Medvědi,Malí savci,Chov 2
Lední medvědi,Lední medvědi,Medvědi malý,,,1,,,Medvědi,Malí savci,Chov 2
Afrika zblízka,Afrika zblízka,Zázemí vitrín,,,0,,,Vitríny,Malí savci,Chov 2
Afrika zblízka,Afrika zblízka,Zázemí stáj C,,,0,,,Savci,Malí savci,Chov 2
Pandy červené,Skalní masiv (Pandy červené),Pandy,,,1,,,Medvědi,Malí savci,Chov 2
Urzoni,Skalní masiv (Urzoni),Urzoni,,,1,,,Medvědi,Malí savci,Chov 2
Vydry,Napříč kontinenty,Vydry,,,1,,,Medvědi,Malí savci,Chov 2
Údolí slonů,Údolí slonů,Sloni travnatý,,,1,,,Sloni,Sloninec,Chov 2
Údolí slonů,Údolí slonů,Sloni středový,,,1,,,Sloni,Sloninec,Chov 2
Údolí slonů,Údolí slonů,Sloni samec,,,1,,,Sloni,Sloninec,Chov 2
Údolí slonů,Údolí slonů,Sloni pavilon,,,1,,,Sloni,Sloninec,Chov 2
Africká savana,Africký dům,dikdik výběh,,,0,,Dikdik,Hrabáči,Afrika,Chov 3
Africká savana,Africký dům,velký výběh Žirafy,,,1,,"Rajony: Žirafy, Hrabáči, Stáj A, Stáj C",Žirafy,Afrika,Chov 3
Africká savana,Africký dům,velký výběh Hrabáči,,,1,,"Rajony: Žirafy, Hrabáči, Stáj A, Stáj C",Hrabáči,Afrika,Chov 3
Africká savana,Africký dům,velký výběh Stáj A,,,1,,"Rajony: Žirafy, Hrabáči, Stáj A, Stáj C",Stáj A,Afrika,Chov 3
Africká savana,Africký dům,velký výběh Stáj C,,,1,,"Rajony: Žirafy, Hrabáči, Stáj A, Stáj C",Stáj C,Afrika,Chov 3
Africká savana,Africký dům,surikata vnitřní ubikace,,,1,,Surikata,Hrabáči,Afrika,Chov 3
Africká savana,Africký dům,surikata venkovní výběh,,,1,,Surikata,Hrabáči,Afrika,Chov 3
Africká savana,Africký dům,výběh pod lávkou,,,1,,Antilopy různé druhy,Stáj A,Afrika,Chov 3
Africká savana,Africký dům,výběh v lesíku Stáj A,,,1,,Antilopy různé druhy,Stáj A,Afrika,Chov 3
Africká savana,Africký dům,výběh v lesíku Stáj C,,,1,,Antilopy různé druhy,Stáj C,Afrika,Chov 3
Africký dům,Africký dům,žirafa - vnitřní malý Žirafy,,,1,,žirafa,Žirafy,Afrika,Chov 3
Africký dům,Africký dům,žirafa - vnitřní malý Hrabáči,,,1,,žirafa,Hrabáči,Afrika,Chov 3
Africký dům,Africký dům,žirafa - vnitřní velký,,,1,,zebra Gérvyho,Žirafy ,Afrika,Chov 3
Africký dům,Africký dům,žirafa - boxy Žirafy,,,0,,,Žirafy,Afrika,Chov 3
Africký dům,Africký dům,žirafa - boxy Hrabáči,,,0,,,Hrabáči,Afrika,Chov 3
Africký dům,Africký dům,hrabáč vnitřní 1,,,1,,"Hrabáč + dikdik. Blíže k vchodu, návštěvnicky levý",Hrabáči,Afrika,Chov 3
Africký dům,Africký dům,hrabáč vnitřní 2,,,1,,"Hrabáč + dikdik. Dále od vchodu, pravý",Hrabáči,Afrika,Chov 3
Africký dům,Africký dům,dikdik - boxy ,,,0,,Dikdik,Hrabáči,Afrika,Chov 3
Africký dům,Africký dům,hrabáč výběh,,,1,,Hrabáč + dikdik,Hrabáči,Afrika,Chov 3
Afrika,Afrika,gazela dama výběh,,,1,,"vedle Gulab - gazela dama, dikdik",Antilopy,Afrika,Chov 3
Afrika,Afrika,gazela dama stáje,,,0,,"vedle Gulab - gazela dama, dikdik",Antilopy,Afrika,Chov 3
Afrika,Afrika,bongo výběh,,,1,,vedle hrochů - bongo,Antilopy,Afrika,Chov 3
Afrika,Afrika,bongo stáje,,,0,,vedle hrochů - bongo,Antilopy,Afrika,Chov 3
Afrika,Afrika,abok výběh,,,1,,"voduška abok, zoborožec kaferský",Stáj C,Afrika,Chov 3
Afrika,Afrika,abok stáje,,,0,,voduška abok,Stáj C,Afrika,Chov 3
Africká savana,Africká savana,zimoviště Stáj A  ,,,0,,Antilopy různé druhy,Stáj A,Afrika,Chov 3
Africká savana,Africká savana,zmoviště Stáj C,,,0,,"Antilopy různé druhy, pštros dvouprstý, zoborožec kaferský",Stáj C,Afrika,Chov 3
Pavilon hrochů,Afrika (Pavilon hrochů),hroch vnitřní bazén,,,1,,,Hroši,Afrika,Chov 3
Pavilon hrochů,Afrika (Pavilon hrochů),hroch venkovní bazén,,,1,,,Hroši,Afrika,Chov 3
Pavilon hrochů,Afrika (Pavilon hrochů),hroch vnitřní boxy,,,0,,,Hroši,Afrika,Chov 3
Pavilon hrochů,Afrika (Pavilon hrochů),hroch odstavný bazén,,,0,,,Hroši,Afrika,Chov 3
Vodní svět a opčí ostrovy,Vodní svět a opičí ostrovy,sitatunga výběh,,,1,,,Hroši,Afrika,Chov 3
Vodní svět a opčí ostrovy,Vodní svět a opičí ostrovy,sitatunga stáj,,,0,,,Hroši,Afrika,Chov 3
Austrálie,Austrálie,Klokan bažinný výběh,,,1,,,Salaš I,Bizoni,Chov 3
Austrálie,Austrálie,Klokan bažinný stáj,,,1,,,Salaš I,Bizoni,Chov 3
Austrálie,Austrálie,Klokan bažinný odstavný,,,0,,,Salaš I,Bizoni,Chov 3
Austrálie,Austrálie,Emu výběh,,,1,,,Salaš I,Bizoni,Chov 3
Austrálie,Austrálie,Emu odstavný,,,0,,,Salaš I,Bizoni,Chov 3
Austrálie,Austrálie,Kasuár výběh samec,,,1,,návštěvnicky levý,Salaš I,Bizoni,Chov 3
Austrálie,Austrálie,Kasuár výběh samice,,,1,,,Salaš I,Bizoni,Chov 3
Austrálie,Austrálie,kasuár ubikace,,,1,,,Salaš I,Bizoni,Chov 3
Dívčí hrady,Dívčí hrady - kůň Převalského,Dívčí hrady,,,1,,kůň Převalského,Koně,Bizoni,Chov 3
Dolní Počernice,Dolní Počernice - zubr evropský,Dolní Počernice výběh,,,1,,zubr evropský,Zubr Počernice,Bizoni,Chov 3
Dolní Počernice,Dolní Počernice,Dolní Počernice odstavný,,,0,,zubr evropský,Zubr Počernice,Bizoni,Chov 3
Gobi,Gobi,Koně výběh,,,1,,,Koně,Bizoni,Chov 3
Gobi,Gobi,koně stáje,,,0,,,Koně,Bizoni,Chov 3
Gobi,Gobi,Koně - odstavný,,,1,,nad Radegastem,Koně,Bizoni,Chov 3
Gobi,Gobi,Kiang,,,1,,vedle jelenů barmských,Koně,Bizoni,Chov 3
Severský les,Severský les,odstavný pod losy,,,0,,pod ubikací losů,Bizoni,Bizoni,Chov 3
Severský les,Severský les,nahur odstavný velký,,,0,,,Jeleni,Bizoni,Chov 3
Napříč kontinenty,Napříč kontinenty,guanako,,,1,,,Baraš,Bizoni,Chov 3
Napříč kontinenty,Napříč kontinenty,anoa stáj,,,0,,,Baraš,Bizoni,Chov 3
Napříč kontinenty,Napříč kontinenty,anoa výběh,,,1,,,Baraš,Bizoni,Chov 3
Napříč kontinenty,Napříč kontinenty,kulan výběh,,,1,,,Salaš I,Bizoni,Chov 3
Napříč kontinenty,Napříč kontinenty,kulan stáje,,,0,,,Salaš I,Bizoni,Chov 3
Napříč kontinenty,Napříč kontinenty,kulan odstavný,,,0,,,Salaš I,Bizoni,Chov 3
Napříč kontinenty,Napříč kontinenty,Muntžak výběh,,,1,,,Salaš I,Bizoni,Chov 3
Napříč kontinenty,Napříč kontinenty,Muntžak stáj,,,0,,,Salaš I,Bizoni,Chov 3
Napříč kontinenty,Napříč kontinenty,Adax výběh,,,1,,,Salaš I,Bizoni,Chov 3
Napříč kontinenty,Napříč kontinenty,Adax stáje,,,0,,,Salaš I,Bizoni,Chov 3
Napříč kontinenty,Napříč kontinenty,Adax odstavný,,,0,,,Salaš I,Bizoni,Chov 3
Pláně,Pláně,jelen barmský ,,,1,,jelen barmský,Baraš,Bizoni,Chov 3
Pláně,Pláně,sambar,,,1,,"sambar ostrovní, muntžak malý",Baraš,Bizoni,Chov 3
Pláně,Pláně,Baraš stáje,,,0,,,Baraš,Bizoni,Chov 3
Pláně,Pláně,Baraš dvorek,,,0,,,Baraš,Bizoni,Chov 3
Pláně,Pláně,velbloud výběh,,,1,,,Zubři,Bizoni,Chov 3
Pláně,Pláně,velbloud stáje,,,0,,,Zubři,Bizoni,Chov 3
Pláně,Pláně,zubr,,,1,,,Zubři,Bizoni,Chov 3
Pláně,Pláně,takin výběh,,,1,,,Zubři,Bizoni,Chov 3
Pláně,Pláně,takin odstavný výběh,,,0,,,Zubři,Bizoni,Chov 3
Pláně,Pláně,takin stáje,,,0,,,Zubři,Bizoni,Chov 3
Pláně,Pláně,bizon,,,1,,"bizon, berneška kanadská",Bizoni,Bizoni,Chov 3
Pláně,Pláně,bizon odstavný Zubři,,,0,,používají rajony Zubři i Bizoni,Zubři,Bizoni,Chov 3
Pláně,Pláně,bizon odstavný Bizoni,,,0,,používají rajony Zubři i Bizoni,Bizoni,Bizoni,Chov 3
Pláně,Pláně,berneška odstavný,,,0,,berneška na odchov,Bizoni,Bizoni,Chov 3
Pláně,Pláně,pekari výběh,,,1,,,Bizoni,Bizoni,Chov 3
Pláně,Pláně,pekari stáje,,,0,,,Bizoni,Bizoni,Chov 3
Pláně,Pláně,psoun,,,1,,,Bizoni,Bizoni,Chov 3
Severský les,Severský les,los přední výběh,,,1,,blíže baráku,Bizoni,Bizoni,Chov 3
Severský les,Severský les,los zadní výběh,,,1,,dále od baráku,Bizoni,Bizoni,Chov 3
Severský les,Severský les,los stáje,,,0,,,Bizoni,Bizoni,Chov 3
Severský les,Severský les,sob výběh,,,1,,,Jeleni,Bizoni,Chov 3
Severský les,Severský les,sob stáje,,,0,,,Jeleni,Bizoni,Chov 3
Severský les,Severský les,goral výběh,,,1,,pod Oborou,Jeleni,Bizoni,Chov 3
Severský les,Severský les,nahur výběh,,,1,,,Jeleni,Bizoni,Chov 3
Severský les,Severský les,nahur stáje,,,0,,,Jeleni,Bizoni,Chov 3
Severský les,Severský les,nahur odstavný malý,,,0,,,Jeleni,Bizoni,Chov 3
Severský les,Severský les,jelen výběh,,,1,,"velký výběh, jelen bělohubý",Jeleni,Bizoni,Chov 3
Severský les,Severský les,jelen stáje,,,0,,jelen bělohubý + goral,Jeleni,Bizoni,Chov 3
Dobřejov,Dobřejov,velký výběh pravý,,,0,,chovné stádo,Dobřejov,Dobřejov,Chov 3
Dobřejov,Dobřejov,stádo klisny,,,0,,,Dobřejov,Dobřejov,Chov 3
Dobřejov,Dobřejov,velký výběh levý,,,0,,,Dobřejov,Dobřejov,Chov 3
Dobřejov,Dobřejov,hřebci horní,,,0,,,Dobřejov,Dobřejov,Chov 3
Dobřejov,Dobřejov,hřebci spodní ,,,0,,po losech,Dobřejov,Dobřejov,Chov 3
Dobřejov,Dobřejov,hřebci prostřední,,,0,,,Dobřejov,Dobřejov,Chov 3
Dobřejov,Dobřejov,výběh pod vilou,,,0,,,Dobřejov,Dobřejov,Chov 3
Dobřejov,Dobřejov,malý výběh 1,,,0,,číslováno zprava,Dobřejov,Dobřejov,Chov 3
Dobřejov,Dobřejov,malý výběh 2,,,0,,,Dobřejov,Dobřejov,Chov 3
Dobřejov,Dobřejov,malý výběh 3,,,0,,vedle přeháněcí uličky,Dobřejov,Dobřejov,Chov 3
Indonéská džungle,Indonéská džungle,rondel - řeka 1,,,1,,číslováno po směru prohlídky,Indonéská džungle,Indonéská džungle,Chov 4
Indonéská džungle,Indonéská džungle,rondel - řeka 2,,,1,,,Indonéská džungle,Indonéská džungle,Chov 4
Indonéská džungle,Indonéská džungle,rondel - řeka 3,,,1,,,Indonéská džungle,Indonéská džungle,Chov 4
Indonéská džungle,Indonéská džungle,rondel - řeka 4,,,1,,,Indonéská džungle,Indonéská džungle,Chov 4
Indonéská džungle,Indonéská džungle,varan komodský,,,1,,,Indonéská džungle,Indonéská džungle,Chov 4
Indonéská džungle,Indonéská džungle,varan komodský - příkop,,,1,,,Indonéská džungle,Indonéská džungle,Chov 4
Indonéská džungle,Indonéská džungle,makak vepří - příkop,,,1,,,Indonéská džungle,Indonéská džungle,Chov 4
Indonéská džungle,Indonéská džungle,"mangrove, lezci",,,1,,,Indonéská džungle,Indonéská džungle,Chov 4
Indonéská džungle,Indonéská džungle,Nokturnárium - varanovci,,,1,,,Indonéská džungle,Indonéská džungle,Chov 4
Indonéská džungle,Indonéská džungle,brakická nádrž,,,1,,stříkouni,Indonéská džungle,Indonéská džungle,Chov 4
Indonéská džungle,Indonéská džungle,Orangutan - příkop,,,1,,,Indonéská džungle,Indonéská džungle,Chov 4
Indonéská džungle,Indonéská džungle,potok,,,1,,,Indonéská džungle,Indonéská džungle,Chov 4
Rezervace Bororo,Rezervace Bororo,Titicaca - vodnice,,,1,,od vstupu po směru hodinových ručiček (zleva),Indonéská džungle,Indonéská džungle,Chov 4
Rezervace Bororo,Rezervace Bororo,terárium 1 - dracéna,,,1,,,Terárium,Indonéská džungle,Chov 4
Rezervace Bororo,Rezervace Bororo,terárium 2,,,1,,,Terárium,Indonéská džungle,Chov 4
Rezervace Bororo,Rezervace Bororo,terárium 3,,,1,,,Terárium,Indonéská džungle,Chov 4
Rezervace Bororo,Rezervace Bororo,terárium 4,,,1,,,Terárium,Indonéská džungle,Chov 4
Rezervace Bororo,Rezervace Bororo,terárium 5,,,1,,,Terárium,Indonéská džungle,Chov 4
Rezervace Bororo,Rezervace Bororo,terárium 6,,,1,,,Terárium,Indonéská džungle,Chov 4
Rezervace Bororo,Rezervace Bororo,terárium 7,,,1,,,Terárium,Indonéská džungle,Chov 4
Rezervace Bororo,Rezervace Bororo,terárium 8,,,1,,,Terárium,Indonéská džungle,Chov 4
Rezervace Bororo,Rezervace Bororo,terárium 9,,,1,,,Terárium,Indonéská džungle,Chov 4
Rezervace Bororo,Rezervace Bororo,terárium 10,,,1,,,Terárium,Indonéská džungle,Chov 4
Rezervace Bororo,Rezervace Bororo,terárium 11,,,1,,,Terárium,Indonéská džungle,Chov 4
Rezervace Bororo,Rezervace Bororo,terárium 12,,,1,,,Terárium,Indonéská džungle,Chov 4
Rezervace Bororo,Rezervace Bororo,terárium 13,,,1,,,Terárium,Indonéská džungle,Chov 4
Rezervace Bororo,Rezervace Bororo,terárium 14,,,1,,,Terárium,Indonéská džungle,Chov 4
Rezervace Bororo,Rezervace Bororo,terárium 15,,,1,,,Terárium,Indonéská džungle,Chov 4
Rezervace Bororo,Rezervace Bororo,terárium 16 varani,,,1,,,Terárium,Indonéská džungle,Chov 4
Rezervace Bororo,Rezervace Bororo,terárium 17 naši hadi,,,1,,,Terárium,Indonéská džungle,Chov 4
Rezervace Bororo,Rezervace Bororo,terárium 18 naši hadi,,,1,,,Terárium,Indonéská džungle,Chov 4
Rezervace Bororo,Rezervace Bororo,terárium 19 naši hadi,,,1,,,Terárium,Indonéská džungle,Chov 4
Rezervace Bororo,Rezervace Bororo,terárium 20 pimbura,,,1,,,Terárium,Indonéská džungle,Chov 4
Čambal,Čambal,vnitřní expozice Indonéská džungle,,,1,,,Indonéská džungle,Indonéská džungle,Chov 4
Čambal,Čambal,vnější bazén Indonéská džungle,,,1,,,Indonéská džungle,Indonéská džungle,Chov 4
Čambal,Čambal,vnější bazének Indonéská džungle,,,1,,návštěvnicky vpravo,Indonéská džungle,Indonéská džungle,Chov 4
Afrika zblízka,Afrika zblízka,5,,,1,,od vchodu vlevo a zpět po druhé straně,AZBL plazi,Velké želvy,Chov 4
Afrika zblízka,Afrika zblízka,11,,,1,,,AZBL plazi,Velké želvy,Chov 4
Afrika zblízka,Afrika zblízka,13,,,1,,,AZBL plazi,Velké želvy,Chov 4
Afrika zblízka,Afrika zblízka,14,,,1,,,AZBL plazi,Velké želvy,Chov 4
Afrika zblízka,Afrika zblízka,18,,,1,,,AZBL plazi,Velké želvy,Chov 4
Afrika zblízka,Afrika zblízka,28,,,1,,,AZBL plazi,Velké želvy,Chov 4
Afrika zblízka,Afrika zblízka,29,,,1,,,AZBL plazi,Velké želvy,Chov 4
Afrika zblízka,Afrika zblízka,30,,,1,,,AZBL plazi,Velké želvy,Chov 4
Afrika zblízka,Afrika zblízka,35,,,1,,,AZBL plazi,Velké želvy,Chov 4
Afrika zblízka,Afrika zblízka,38,,,1,,,AZBL plazi,Velké želvy,Chov 4
Afrika zblízka,Afrika zblízka,44,,,1,,,AZBL plazi,Velké želvy,Chov 4
Afrika zblízka,Afrika zblízka,47,,,1,,,AZBL plazi,Velké želvy,Chov 4
Afrika zblízka,Afrika zblízka,48,,,1,,,AZBL plazi,Velké želvy,Chov 4
Afrika,Africký dům,saranče,,,1,,,Bezobratlí,Velké želvy,Chov 4
Afrika zblízka,Afrika zblízka,16,,,1,,,Bezobratlí,Velké želvy,Chov 4
Afrika zblízka,Afrika zblízka,19,,,1,,,Bezobratlí,Velké želvy,Chov 4
Afrika zblízka,Afrika zblízka,20,,,1,,,Bezobratlí,Velké želvy,Chov 4
Afrika zblízka,Afrika zblízka,21,,,1,,,Bezobratlí,Velké želvy,Chov 4
Afrika zblízka,Afrika zblízka,22,,,1,,,Bezobratlí,Velké želvy,Chov 4
Afrika zblízka,Afrika zblízka,23,,,1,,,Bezobratlí,Velké želvy,Chov 4
Afrika zblízka,Afrika zblízka,24,,,1,,,Bezobratlí,Velké želvy,Chov 4
Afrika zblízka,Afrika zblízka,25,,,1,,,Bezobratlí,Velké želvy,Chov 4
Afrika zblízka,Afrika zblízka,26,,,1,,,Bezobratlí,Velké želvy,Chov 4
Afrika zblízka,Afrika zblízka,27,,,1,,,Bezobratlí,Velké želvy,Chov 4
Afrika zblízka,Afrika zblízka,31,,,1,,,Bezobratlí,Velké želvy,Chov 4
Afrika zblízka,Afrika zblízka,32,,,1,,,Bezobratlí,Velké želvy,Chov 4
Afrika zblízka,Afrika zblízka,36,,,1,,,Bezobratlí,Velké želvy,Chov 4
Afrika zblízka,Afrika zblízka,37,,,1,,,Bezobratlí,Velké želvy,Chov 4
Afrika zblízka,Afrika zblízka,45,,,1,,,Bezobratlí,Velké želvy,Chov 4
Afrika zblízka,Afrika zblízka,46,,,1,,,Bezobratlí,Velké želvy,Chov 4
Afrika zblízka,Afrika zblízka,50,,,1,,,Bezobratlí,Velké želvy,Chov 4
Rezervace Dja,Rezervace Dja,kmen stromu - zlatohlávci,,,1,,,Bezobratlí,Velké želvy,Chov 4
Rezervace Dja,Rezervace Dja,pralesní průhled,,,1,,,Bezobratlí,Velké želvy,Chov 4
Gobi,Gobi,štír,,,1,,,Bezobratlí,Velké želvy,Chov 4
Gobi,Gobi,štír UV,,,1,,,Bezobratlí,Velké želvy,Chov 4
Gobi,Gobi,šváb,,,1,,,Bezobratlí,Velké želvy,Chov 4
Baalova pyramida,Baalova pyramida,expo nymfy,,,1,,,Bezobratlí,Velké želvy,Chov 4
Baalova pyramida,Baalova pyramida,expo adult,,,1,,,Bezobratlí,Velké želvy,Chov 4
Velemlokárium,Velemlokárium,velemlok 1 - pod vodou,,,1,,po směru prohlídky,Indonéská džungle (Velké želvy),Velké želvy,Chov 4
Velemlokárium,Velemlokárium,velemlok 2 - největší,,,1,,,Indonéská džungle (Velké želvy),Velké želvy,Chov 4
Velemlokárium,Velemlokárium,velemlok 3 - v podlaze,,,1,,,Indonéská džungle (Velké želvy),Velké želvy,Chov 4
Velemlokárium,Velemlokárium,velemlok 4 - malý,,,1,,,Indonéská džungle (Velké želvy),Velké želvy,Chov 4
Velemlokárium,Velemlokárium,velemlok 5 - podhled,,,1,,,Indonéská džungle (Velké želvy),Velké želvy,Chov 4
Pavilon šelem a plazů,Pavilon šelem a plazů,Tera 1 - Sonora,,,1,,číslováno od vchodu po směru prohlídky,Lvinec a Tera,Velké želvy,Chov 4
Pavilon šelem a plazů,Pavilon šelem a plazů,Tera 2 - Anakonda,,,1,,,Lvinec a Tera,Velké želvy,Chov 4
Pavilon šelem a plazů,Pavilon šelem a plazů,Tera 3 - Kattakum,,,1,,,Lvinec a Tera,Velké želvy,Chov 4
Pavilon šelem a plazů,Pavilon šelem a plazů,Tera 4 - Křovinář,,,1,,,Lvinec a Tera,Velké želvy,Chov 4
Pavilon šelem a plazů,Pavilon šelem a plazů,Tera 5 - Atrium 1,,,1,,,Lvinec a Tera,Velké želvy,Chov 4
Pavilon šelem a plazů,Pavilon šelem a plazů,Tera 6 - Atrium 2,,,1,,,Lvinec a Tera,Velké želvy,Chov 4
Pavilon šelem a plazů,Pavilon šelem a plazů,Tera 7 - Atrium 3,,,1,,,Lvinec a Tera,Velké želvy,Chov 4
Pavilon šelem a plazů,Pavilon šelem a plazů,Tera 8 - hroznýšovec,,,1,,číslováno od vchodu po směru prohlídky (po směru hodinových ručiček),Lvinec a Tera,Velké želvy,Chov 4
Pavilon šelem a plazů,Pavilon šelem a plazů,Tera 9 - chřestýš,,,1,,,Lvinec a Tera,Velké želvy,Chov 4
Pavilon šelem a plazů,Pavilon šelem a plazů,Tera 10 - juv. Cyclura,,,1,,,Lvinec a Tera,Velké želvy,Chov 4
Pavilon šelem a plazů,Pavilon šelem a plazů,Tera 11 - prasinus,,,1,,,Lvinec a Tera,Velké želvy,Chov 4
Pavilon šelem a plazů,Pavilon šelem a plazů,Tera 12 - agama límcová,,,1,,,Lvinec a Tera,Velké želvy,Chov 4
Pavilon šelem a plazů,Pavilon šelem a plazů,Tera 13 - Vietnam,,,1,,,Lvinec a Tera,Velké želvy,Chov 4
Pavilon šelem a plazů,Pavilon šelem a plazů,Tera 14 - leguáni chutní,,,1,,,Lvinec a Tera,Velké želvy,Chov 4
Pavilon šelem a plazů,Pavilon šelem a plazů,Tera 15 - gabunka,,,1,,,Lvinec a Tera,Velké želvy,Chov 4
Zakázanka,Zakázanka,spodní velká,,,1,,zespoda,Lvinec a Tera,Velké želvy,Chov 4
Zakázanka,Zakázanka,dělená dole,,,1,,,Lvinec a Tera,Velké želvy,Chov 4
Zakázanka,Zakázanka,dělená střed- zmije,,,1,,,Lvinec a Tera,Velké želvy,Chov 4
Zakázanka,Zakázanka,dělená nahoře,,,1,,,Lvinec a Tera,Velké želvy,Chov 4
Afrika zblízka,Afrika zblízka,1 Želvy pardálí vnitřní,,,1,,,Velké želvy,Velké želvy,Chov 4
Darwinův kráter,Darwinův kráter,Terárium 1 - smrtonoš,,,1,,návštěvnicky levé,Velké želvy,Velké želvy,Chov 4
Darwinův kráter,Darwinův kráter,Terárium 2 - krajta kýlnatá,,,1,,návštěvnicky pravé,Velké želvy,Velké želvy,Chov 4
Velemlokárium,Velemlokárium,želva dlaždicovitá,,,1,,,Velké želvy,Velké želvy,Chov 4
Velemlokárium,Velemlokárium,chřestýšovec mangšanský,,,1,,,Velké želvy,Velké želvy,Chov 4
Pavilon velkých želv,Pavilon velkých želv,želví školka,,,1,,malá expozice,Velké želvy,Velké želvy,Chov 4
Pavilon velkých želv,Pavilon velkých želv,varan Salvadoriův,,,1,,naproti velké expozice,Velké želvy,Velké želvy,Chov 4
Gobi,Gobi,ještěři,,,1,,,Velké želvy,Velké želvy,Chov 4
Gobi,Gobi,hroznýšek,,,1,,,Velké želvy,Velké želvy,Chov 4
Čambal,Čambal,vnitřní expozice Velké želvy,,,1,,,Velké želvy,Velké želvy,Chov 4
Čambal,Čambal,vnější bazén Velké želvy,,,1,,,Velké želvy,Velké želvy,Chov 4
Čambal,Čambal,vnější bazének Velké želvy,,,1,,návštěvnicky vpravo,Velké želvy,Velké želvy,Chov 4
Pavilon velkých želv,Pavilon velkých želv,velké želvy Lvinec a Tera,,,1,,velká expozice,Lvinec a Tera,Velké želvy,Chov 4
Pavilon velkých želv,Pavilon velkých želv,želvy - venkovní Lvinec a Tera,,,1,,,Lvinec a Tera,Velké želvy,Chov 4
Pavilon velkých želv,Pavilon velkých želv,velké želvy Velké želvy,,,1,,velká expozice,Velké želvy,Velké želvy,Chov 4
Pavilon velkých želv,Pavilon velkých želv,želvy - venkovní Velké želvy,,,1,,,Velké želvy,Velké želvy,Chov 4
Centrum Mefou,Centrum Mefou,Damani,,,1,,,Centrum Mefou,Primáti,Chov 5
Centrum Mefou,Centrum Mefou,Damani odstavný box,,,0,,,Centrum Mefou,Primáti,Chov 5
Centrum Mefou,Centrum Mefou,Mefou,,,1,,,Centrum Mefou,Primáti,Chov 5
Centrum Mefou,Centrum Mefou,Mefou odstavný box 1,,,0,,,Centrum Mefou,Primáti,Chov 5
Centrum Mefou,Centrum Mefou,Mefou odstavný box 2,,,0,,,Centrum Mefou,Primáti,Chov 5
Centrum Mefou,Centrum Mefou,Mefou odstavný box 3,,,0,,,Centrum Mefou,Primáti,Chov 5
Indonéská džungle,Indonéská džungle,Makaci vepří,,,1,,,Indonéská džungle (Primáti),Primáti,Chov 5
Indonéská džungle,Indonéská džungle,Makaci vepří zázemí,,,0,,,Indonéská džungle (Primáti),Primáti,Chov 5
Indonéská džungle,Indonéská džungle,Orangutani 1,,,1,,,Indonéská džungle (Primáti),Primáti,Chov 5
Indonéská džungle,Indonéská džungle,Orangutani 2,,,1,,,Indonéská džungle (Primáti),Primáti,Chov 5
Indonéská džungle,Indonéská džungle,Orangutani zázemí,,,0,,,Indonéská džungle (Primáti),Primáti,Chov 5
Indonéská džungle,Indonéská džungle,Vydry,,,1,,,Indonéská džungle (Primáti),Primáti,Chov 5
Indonéská džungle,Indonéská džungle,Vydry zázemí,,,0,,,Indonéská džungle (Primáti),Primáti,Chov 5
Mravenečníci a kapybary,Mravenečníci a kapybary,Kapybary zázemí 1,,,0,,,Opičí ostrovy,Primáti,Chov 5
Mravenečníci a kapybary,Vodní svět a opičí ostrovy (Mravenečníci a kapybary),Kapybary zázemí 2,,,0,,,Opičí ostrovy,Primáti,Chov 5
Mravenečníci a kapybary,Vodní svět a opičí ostrovy (Mravenečníci a kapybary),Kapybary zázemí 3,,,0,,,Opičí ostrovy,Primáti,Chov 5
Mravenečníci a kapybary,Vodní svět a opičí ostrovy (Mravenečníci a kapybary),Mravenečníci,,,1,,,Opičí ostrovy,Primáti,Chov 5
Mravenečníci a kapybary,Vodní svět a opičí ostrovy (Mravenečníci a kapybary),Mravenečníci a kapybary,,,1,,,Opičí ostrovy,Primáti,Chov 5
Mravenečníci a kapybary,Vodní svět a opičí ostrovy (Mravenečníci a kapybary),Mravenečníci odstavný výběh,,,0,,,Opičí ostrovy,Primáti,Chov 5
Ostrov Lemurů,Ostrov lemurů,Lemuři,,,1,,,Opičí ostrovy,Primáti,Chov 5
Ostrov Lemurů,Ostrov lemurů,Lemuři zázemí,,,0,,,Opičí ostrovy,Primáti,Chov 5
Rezervace Dja,Rezervace Dja,Angolky zázemí,,,0,,,Rezervace Dja,Primáti,Chov 5
Rezervace Dja,Rezervace Dja,Gorily a guerézy,,,1,,,Rezervace Dja,Primáti,Chov 5
Rezervace Dja,Rezervace Dja,Gorily zázemí,,,0,,,Rezervace Dja,Primáti,Chov 5
Rezervace Dja,Rezervace Dja,Guerézy zázemí,,,0,,,Rezervace Dja,Primáti,Chov 5
Rezervace Dja,Rezervace Dja,Kočkodani zázemí,,,0,,,Rezervace Dja,Primáti,Chov 5
Rezervace Dja,Rezervace Dja,Krysy a kaloni,,,1,,,Rezervace Dja,Primáti,Chov 5
Rezervace Dja,Rezervace Dja,Štětkouni,,,1,,,Rezervace Dja,Primáti,Chov 5
Rezervace Dja,Rezervace Dja,Štětkouni zázemí,,,0,,,Rezervace Dja,Primáti,Chov 5
Rezervace Dja,Rezervace Dja,Talapoini 1,,,1,,,Rezervace Dja,Primáti,Chov 5
Rezervace Dja,Rezervace Dja,Talapoini 2,,,1,,,Rezervace Dja,Primáti,Chov 5
Skalní masiv,Skalní masiv,Magoti,,,1,,,Opičí ostrovy,Primáti,Chov 5
Skalní masiv,Skalní masiv,Magoti odstavný box,,,0,,,Opičí ostrovy,Primáti,Chov 5
Variové,Vodní svět a opičí ostrovy (Variové),Variové,,,1,,,Opičí ostrovy,Primáti,Chov 5
Variové,Vodní svět a opičí ostrovy (Variové),Variové voliéra,,,0,,,Opičí ostrovy,Primáti,Chov 5
Vodní svět a opičí ostrovy,Vodní svět a opičí ostrovy,Giboni,,,1,,,Opičí ostrovy,Primáti,Chov 5
Vodní svět a opičí ostrovy,Vodní svět a opičí ostrovy,Malpy,,,1,,,Opičí ostrovy,Primáti,Chov 5
Vodní svět a opičí ostrovy,Vodní svět a opičí ostrovy,Malpy odstavný box,,,0,,,Opičí ostrovy,Primáti,Chov 5
Vodní svět a opičí ostrovy,Vodní svět a opičí ostrovy,Chápani,,,1,,,Opičí ostrovy,Primáti,Chov 5
Vodní svět a opičí ostrovy,Vodní svět a opičí ostrovy,Chápani odstavný box,,,0,,,Opičí ostrovy,Primáti,Chov 5
Vodní svět a opičí ostrovy,Vodní svět a opičí ostrovy,Chápani voliéra,,,1,,,Opičí ostrovy,Primáti,Chov 5
Vodní svět a opičí ostrovy,Vodní svět a opičí ostrovy,Kotulové,,,1,,,Opičí ostrovy,Primáti,Chov 5
Vodní svět a opičí ostrovy,Vodní svět a opičí ostrovy,Kotulové ubikace,,,0,,,Opičí ostrovy,Primáti,Chov 5
